<?xml version="1.0" encoding="UTF-8"?>
<metadata xml:lang="en"><Esri><CreaDate>20200306</CreaDate><CreaTime>14413400</CreaTime><ArcGISFormat>1.0</ArcGISFormat><SyncOnce>FALSE</SyncOnce><DataProperties><lineage><Process ToolSource="c:\program files (x86)\arcgis\desktop10.6\ArcToolbox\Toolboxes\Data Management Tools.tbx\CalculateField" Date="20190606" Time="142835">CalculateField Regional_Units_with_All_Scores_20181120 Score2018 "[Score2018] = "Green"" VB #</Process><Process ToolSource="c:\program files (x86)\arcgis\desktop10.6\ArcToolbox\Toolboxes\Data Management Tools.tbx\CalculateField" Date="20190606" Time="142916">CalculateField Regional_Units_with_All_Scores_20181120 Score2018 "[Score2018] = "Green"" VB #</Process><Process ToolSource="c:\program files (x86)\arcgis\desktop10.6\ArcToolbox\Toolboxes\Data Management Tools.tbx\CalculateField" Date="20190606" Time="142945">CalculateField Regional_Units_with_All_Scores_20181120 Score2018 "[Score2018] = "Green"" VB #</Process><Process ToolSource="c:\program files (x86)\arcgis\desktop10.6\ArcToolbox\Toolboxes\Data Management Tools.tbx\CalculateField" Date="20190606" Time="143018">CalculateField Regional_Units_with_All_Scores_20181120 Score2018 "[Score2018] = "GREEN"" VB #</Process><Process ToolSource="c:\program files (x86)\arcgis\desktop10.6\ArcToolbox\Toolboxes\Data Management Tools.tbx\CalculateField" Date="20190606" Time="143504">CalculateField Regional_Units_with_All_Scores_20181120 Score2018 "Green" VB #</Process><Process ToolSource="c:\program files (x86)\arcgis\desktop10.6\ArcToolbox\Toolboxes\Data Management Tools.tbx\CalculateField" Date="20190606" Time="143547">CalculateField Regional_Units_with_All_Scores_20181120 Score2018 "Green" VB #</Process><Process ToolSource="c:\program files (x86)\arcgis\desktop10.6\ArcToolbox\Toolboxes\Data Management Tools.tbx\CalculateField" Date="20190606" Time="143634">CalculateField Regional_Units_with_All_Scores_20181120 Score2018 "Yellow" VB #</Process><Process ToolSource="c:\program files (x86)\arcgis\desktop10.6\ArcToolbox\Toolboxes\Data Management Tools.tbx\CalculateField" Date="20190606" Time="143656">CalculateField Regional_Units_with_All_Scores_20181120 Score2018 "Red" VB #</Process><Process ToolSource="c:\program files (x86)\arcgis\desktop10.6\ArcToolbox\Toolboxes\Data Management Tools.tbx\CalculateField" Date="20190816" Time="101539">CalculateField Erie_Nearshore_Regional_Units TribConn "Good Quality" VB #</Process><Process ToolSource="c:\program files (x86)\arcgis\desktop10.6\ArcToolbox\Toolboxes\Data Management Tools.tbx\CalculateField" Date="20190816" Time="101607">CalculateField Erie_Nearshore_Regional_Units TribConn "Fair Quality" VB #</Process><Process ToolSource="c:\program files (x86)\arcgis\desktop10.6\ArcToolbox\Toolboxes\Data Management Tools.tbx\CalculateField" Date="20190816" Time="101624">CalculateField Erie_Nearshore_Regional_Units TribConn "Poor Quality" VB #</Process><Process ToolSource="c:\program files (x86)\arcgis\desktop10.6\ArcToolbox\Toolboxes\Data Management Tools.tbx\CalculateField" Date="20190816" Time="101637">CalculateField Erie_Nearshore_Regional_Units ShorelineHard "Poor Quality" VB #</Process><Process ToolSource="c:\program files (x86)\arcgis\desktop10.6\ArcToolbox\Toolboxes\Data Management Tools.tbx\CalculateField" Date="20190816" Time="101653">CalculateField Erie_Nearshore_Regional_Units ShorelineHard "Poor Quality" VB #</Process><Process ToolSource="c:\program files (x86)\arcgis\desktop10.6\ArcToolbox\Toolboxes\Data Management Tools.tbx\CalculateField" Date="20190816" Time="101728">CalculateField Erie_Nearshore_Regional_Units ShorelineHard "Fair Quality" VB #</Process><Process ToolSource="c:\program files (x86)\arcgis\desktop10.6\ArcToolbox\Toolboxes\Data Management Tools.tbx\CalculateField" Date="20190816" Time="101758">CalculateField Erie_Nearshore_Regional_Units WetlandExtent "No Score" VB #</Process><Process ToolSource="c:\program files (x86)\arcgis\desktop10.6\ArcToolbox\Toolboxes\Data Management Tools.tbx\CalculateField" Date="20190816" Time="101816">CalculateField Erie_Nearshore_Regional_Units WetlandExtent "Good Quality" VB #</Process><Process ToolSource="c:\program files (x86)\arcgis\desktop10.6\ArcToolbox\Toolboxes\Data Management Tools.tbx\CalculateField" Date="20190816" Time="101838">CalculateField Erie_Nearshore_Regional_Units WetlandExtent "Good Quality" VB #</Process><Process ToolSource="c:\program files (x86)\arcgis\desktop10.6\ArcToolbox\Toolboxes\Data Management Tools.tbx\CalculateField" Date="20190816" Time="101956">CalculateField Erie_Nearshore_Regional_Units WetlandExtent "No Score" VB #</Process><Process ToolSource="c:\program files (x86)\arcgis\desktop10.6\ArcToolbox\Toolboxes\Data Management Tools.tbx\CalculateField" Date="20190816" Time="102020">CalculateField Erie_Nearshore_Regional_Units WetlandExtent "Good Quality" VB #</Process><Process ToolSource="c:\program files (x86)\arcgis\desktop10.6\ArcToolbox\Toolboxes\Data Management Tools.tbx\CalculateField" Date="20190816" Time="102044">CalculateField Erie_Nearshore_Regional_Units WetlandExtent "Fair Quality" VB #</Process><Process ToolSource="c:\program files (x86)\arcgis\desktop10.6\ArcToolbox\Toolboxes\Data Management Tools.tbx\CalculateField" Date="20190816" Time="102128">CalculateField Erie_Nearshore_Regional_Units xPhysProcesses "FAIR QUALITY" VB #</Process><Process ToolSource="c:\program files (x86)\arcgis\desktop10.6\ArcToolbox\Toolboxes\Data Management Tools.tbx\CalculateField" Date="20190816" Time="102142">CalculateField Erie_Nearshore_Regional_Units xPhysProcesses "FAIR QUALITY" VB #</Process><Process ToolSource="c:\program files (x86)\arcgis\desktop10.6\ArcToolbox\Toolboxes\Data Management Tools.tbx\CalculateField" Date="20190816" Time="102152">CalculateField Erie_Nearshore_Regional_Units xPhysProcesses "POOR QUALITY" VB #</Process><Process ToolSource="c:\program files (x86)\arcgis\desktop10.6\ArcToolbox\Toolboxes\Data Management Tools.tbx\CalculateField" Date="20190816" Time="102442">CalculateField Erie_Nearshore_Regional_Units SedQuality "Good Quality" VB #</Process><Process ToolSource="c:\program files (x86)\arcgis\desktop10.6\ArcToolbox\Toolboxes\Data Management Tools.tbx\CalculateField" Date="20190816" Time="102454">CalculateField Erie_Nearshore_Regional_Units SedQuality "Poor Quality" VB #</Process><Process ToolSource="c:\program files (x86)\arcgis\desktop10.6\ArcToolbox\Toolboxes\Data Management Tools.tbx\CalculateField" Date="20190816" Time="102552">CalculateField Erie_Nearshore_Regional_Units SedQuality "No Score" VB #</Process><Process ToolSource="c:\program files (x86)\arcgis\desktop10.6\ArcToolbox\Toolboxes\Data Management Tools.tbx\CalculateField" Date="20190816" Time="102608">CalculateField Erie_Nearshore_Regional_Units SedQuality "Fair Quality" VB #</Process><Process ToolSource="c:\program files (x86)\arcgis\desktop10.6\ArcToolbox\Toolboxes\Data Management Tools.tbx\CalculateField" Date="20190816" Time="112840">CalculateField Erie_Nearshore_Regional_Units Benthos "No Score" VB #</Process><Process ToolSource="c:\program files (x86)\arcgis\desktop10.6\ArcToolbox\Toolboxes\Data Management Tools.tbx\CalculateField" Date="20190816" Time="112856">CalculateField Erie_Nearshore_Regional_Units Benthos "Fair Quality" VB #</Process><Process ToolSource="c:\program files (x86)\arcgis\desktop10.6\ArcToolbox\Toolboxes\Data Management Tools.tbx\CalculateField" Date="20190816" Time="112927">CalculateField Erie_Nearshore_Regional_Units Benthos "Poor Quality" VB #</Process><Process ToolSource="c:\program files (x86)\arcgis\desktop10.6\ArcToolbox\Toolboxes\Data Management Tools.tbx\CalculateField" Date="20190816" Time="112953">CalculateField Erie_Nearshore_Regional_Units Benthos "Good Quality" VB #</Process><Process ToolSource="c:\program files (x86)\arcgis\desktop10.6\ArcToolbox\Toolboxes\Data Management Tools.tbx\CalculateField" Date="20190816" Time="113021">CalculateField Erie_Nearshore_Regional_Units Benthos "Fair Quality" VB #</Process><Process ToolSource="c:\program files (x86)\arcgis\desktop10.6\ArcToolbox\Toolboxes\Data Management Tools.tbx\CalculateField" Date="20190816" Time="113046">CalculateField Erie_Nearshore_Regional_Units Benthos "No Score" VB #</Process><Process ToolSource="c:\program files (x86)\arcgis\desktop10.6\ArcToolbox\Toolboxes\Data Management Tools.tbx\CalculateField" Date="20190816" Time="113135">CalculateField Erie_Nearshore_Regional_Units WaterQuality "Good Quality" VB #</Process><Process ToolSource="c:\program files (x86)\arcgis\desktop10.6\ArcToolbox\Toolboxes\Data Management Tools.tbx\CalculateField" Date="20190816" Time="113204">CalculateField Erie_Nearshore_Regional_Units WaterQuality "Fair Quality" VB #</Process><Process ToolSource="c:\program files (x86)\arcgis\desktop10.6\ArcToolbox\Toolboxes\Data Management Tools.tbx\CalculateField" Date="20190816" Time="113229">CalculateField Erie_Nearshore_Regional_Units WaterQuality "Poor Quality" VB #</Process><Process ToolSource="c:\program files (x86)\arcgis\desktop10.6\ArcToolbox\Toolboxes\Data Management Tools.tbx\CalculateField" Date="20190816" Time="113307">CalculateField Erie_Nearshore_Regional_Units WaterQuality "No Score" VB #</Process><Process ToolSource="c:\program files (x86)\arcgis\desktop10.6\ArcToolbox\Toolboxes\Data Management Tools.tbx\CalculateField" Date="20190816" Time="131201">CalculateField Erie_Nearshore_Regional_Units xContamSedWater "GOOD QUALITY" VB #</Process><Process ToolSource="c:\program files (x86)\arcgis\desktop10.6\ArcToolbox\Toolboxes\Data Management Tools.tbx\CalculateField" Date="20190816" Time="131216">CalculateField Erie_Nearshore_Regional_Units xContamSedWater "GOOD QUALITY" VB #</Process><Process ToolSource="c:\program files (x86)\arcgis\desktop10.6\ArcToolbox\Toolboxes\Data Management Tools.tbx\CalculateField" Date="20190816" Time="131225">CalculateField Erie_Nearshore_Regional_Units xContamSedWater "GOOD QUALITY" VB #</Process><Process ToolSource="c:\program files (x86)\arcgis\desktop10.6\ArcToolbox\Toolboxes\Data Management Tools.tbx\CalculateField" Date="20190816" Time="131548">CalculateField Erie_Nearshore_Regional_Units xContamSedWater "FAIR QUALITY" VB #</Process><Process ToolSource="c:\program files (x86)\arcgis\desktop10.6\ArcToolbox\Toolboxes\Data Management Tools.tbx\CalculateField" Date="20190816" Time="131606">CalculateField Erie_Nearshore_Regional_Units xContamSedWater "POOR QUALITY" VB #</Process><Process ToolSource="c:\program files (x86)\arcgis\desktop10.6\ArcToolbox\Toolboxes\Data Management Tools.tbx\CalculateField" Date="20190816" Time="131630">CalculateField Erie_Nearshore_Regional_Units xContamSedWater "FAIR QUALITY" VB #</Process><Process ToolSource="c:\program files (x86)\arcgis\desktop10.6\ArcToolbox\Toolboxes\Data Management Tools.tbx\CalculateField" Date="20190816" Time="131649">CalculateField Erie_Nearshore_Regional_Units xContamSedWater "POOR QUALITY" VB #</Process><Process ToolSource="c:\program files (x86)\arcgis\desktop10.6\ArcToolbox\Toolboxes\Data Management Tools.tbx\CalculateField" Date="20190816" Time="132220">CalculateField Erie_Nearshore_Regional_Units Cyano "No Score" VB #</Process><Process ToolSource="c:\program files (x86)\arcgis\desktop10.6\ArcToolbox\Toolboxes\Data Management Tools.tbx\CalculateField" Date="20190816" Time="132250">CalculateField Erie_Nearshore_Regional_Units Cyano "Poor Quality" VB #</Process><Process ToolSource="c:\program files (x86)\arcgis\desktop10.6\ArcToolbox\Toolboxes\Data Management Tools.tbx\CalculateField" Date="20190816" Time="132323">CalculateField Erie_Nearshore_Regional_Units Cyano "Good Quality" VB #</Process><Process ToolSource="c:\program files (x86)\arcgis\desktop10.6\ArcToolbox\Toolboxes\Data Management Tools.tbx\CalculateField" Date="20190816" Time="132456">CalculateField Erie_Nearshore_Regional_Units Chlorophyll "Good Quality" VB #</Process><Process ToolSource="c:\program files (x86)\arcgis\desktop10.6\ArcToolbox\Toolboxes\Data Management Tools.tbx\CalculateField" Date="20190816" Time="132545">CalculateField Erie_Nearshore_Regional_Units DissOxy "Poor Quality" VB #</Process><Process ToolSource="c:\program files (x86)\arcgis\desktop10.6\ArcToolbox\Toolboxes\Data Management Tools.tbx\CalculateField" Date="20190816" Time="132617">CalculateField Erie_Nearshore_Regional_Units DissOxy "Fair Quality" VB #</Process><Process ToolSource="c:\program files (x86)\arcgis\desktop10.6\ArcToolbox\Toolboxes\Data Management Tools.tbx\CalculateField" Date="20190816" Time="132633">CalculateField Erie_Nearshore_Regional_Units DissOxy "Good Quality" VB #</Process><Process ToolSource="c:\program files (x86)\arcgis\desktop10.6\ArcToolbox\Toolboxes\Data Management Tools.tbx\CalculateField" Date="20190816" Time="132641">CalculateField Erie_Nearshore_Regional_Units DissOxy "Good Quality" VB #</Process><Process ToolSource="c:\program files (x86)\arcgis\desktop10.6\ArcToolbox\Toolboxes\Data Management Tools.tbx\CalculateField" Date="20190816" Time="132649">CalculateField Erie_Nearshore_Regional_Units DissOxy "Good Quality" VB #</Process><Process ToolSource="c:\program files (x86)\arcgis\desktop10.6\ArcToolbox\Toolboxes\Data Management Tools.tbx\CalculateField" Date="20190816" Time="133125">CalculateField Erie_Nearshore_Regional_Units xNuisanceHarmfulAlgae "GOOD QUALITY" VB #</Process><Process ToolSource="c:\program files (x86)\arcgis\desktop10.6\ArcToolbox\Toolboxes\Data Management Tools.tbx\CalculateField" Date="20190816" Time="133141">CalculateField Erie_Nearshore_Regional_Units xNuisanceHarmfulAlgae "POOR QUALITY" VB #</Process><Process ToolSource="c:\program files (x86)\arcgis\desktop10.6\ArcToolbox\Toolboxes\Data Management Tools.tbx\CalculateField" Date="20190816" Time="133156">CalculateField Erie_Nearshore_Regional_Units xNuisanceHarmfulAlgae "GOOD QUALITY" VB #</Process><Process ToolSource="c:\program files (x86)\arcgis\desktop10.6\ArcToolbox\Toolboxes\Data Management Tools.tbx\CalculateField" Date="20190816" Time="133207">CalculateField Erie_Nearshore_Regional_Units xNuisanceHarmfulAlgae "FAIR QUALITY" VB #</Process><Process ToolSource="c:\program files (x86)\arcgis\desktop10.6\ArcToolbox\Toolboxes\Data Management Tools.tbx\CalculateField" Date="20190816" Time="133218">CalculateField Erie_Nearshore_Regional_Units xNuisanceHarmfulAlgae "GOOD QUALITY" VB #</Process><Process ToolSource="c:\program files (x86)\arcgis\desktop10.6\ArcToolbox\Toolboxes\Data Management Tools.tbx\CalculateField" Date="20190816" Time="133357">CalculateField Erie_Nearshore_Regional_Units TreatedDrinkingWater "Good Quality" VB #</Process><Process ToolSource="c:\program files (x86)\arcgis\desktop10.6\ArcToolbox\Toolboxes\Data Management Tools.tbx\CalculateField" Date="20190816" Time="133527">CalculateField Erie_Nearshore_Regional_Units TreatedDrinkingWater "No Score" VB #</Process><Process ToolSource="c:\program files (x86)\arcgis\desktop10.6\ArcToolbox\Toolboxes\Data Management Tools.tbx\CalculateField" Date="20190816" Time="133545">CalculateField Erie_Nearshore_Regional_Units TreatedDrinkingWater "Good Quality" VB #</Process><Process ToolSource="c:\program files (x86)\arcgis\desktop10.6\ArcToolbox\Toolboxes\Data Management Tools.tbx\CalculateField" Date="20190816" Time="133601">CalculateField Erie_Nearshore_Regional_Units TreatedDrinkingWater "No Score" VB #</Process><Process ToolSource="c:\program files (x86)\arcgis\desktop10.6\ArcToolbox\Toolboxes\Data Management Tools.tbx\CalculateField" Date="20190816" Time="133622">CalculateField Erie_Nearshore_Regional_Units TreatedDrinkingWater "Good Quality" VB #</Process><Process ToolSource="c:\program files (x86)\arcgis\desktop10.6\ArcToolbox\Toolboxes\Data Management Tools.tbx\CalculateField" Date="20190816" Time="133913">CalculateField Erie_Nearshore_Regional_Units FishConsumption "Poor Quality" VB #</Process><Process ToolSource="c:\program files (x86)\arcgis\desktop10.6\ArcToolbox\Toolboxes\Data Management Tools.tbx\CalculateField" Date="20190816" Time="133926">CalculateField Erie_Nearshore_Regional_Units FishConsumption "Fair Quality" VB #</Process><Process ToolSource="c:\program files (x86)\arcgis\desktop10.6\ArcToolbox\Toolboxes\Data Management Tools.tbx\CalculateField" Date="20190816" Time="133948">CalculateField Erie_Nearshore_Regional_Units FishConsumption "Fair Quality" VB #</Process><Process ToolSource="c:\program files (x86)\arcgis\desktop10.6\ArcToolbox\Toolboxes\Data Management Tools.tbx\CalculateField" Date="20190816" Time="134009">CalculateField Erie_Nearshore_Regional_Units FishConsumption "Poor Quality" VB #</Process><Process ToolSource="c:\program files (x86)\arcgis\desktop10.6\ArcToolbox\Toolboxes\Data Management Tools.tbx\CalculateField" Date="20190816" Time="134027">CalculateField Erie_Nearshore_Regional_Units FishConsumption "Good Quality" VB #</Process><Process ToolSource="c:\program files (x86)\arcgis\desktop10.6\ArcToolbox\Toolboxes\Data Management Tools.tbx\CalculateField" Date="20190816" Time="134122">CalculateField Erie_Nearshore_Regional_Units FishConsumption "Good Quality" VB #</Process><Process ToolSource="c:\program files (x86)\arcgis\desktop10.6\ArcToolbox\Toolboxes\Data Management Tools.tbx\CalculateField" Date="20190816" Time="134151">CalculateField Erie_Nearshore_Regional_Units BeachPostings "Good Quality" VB #</Process><Process ToolSource="c:\program files (x86)\arcgis\desktop10.6\ArcToolbox\Toolboxes\Data Management Tools.tbx\CalculateField" Date="20190816" Time="134202">CalculateField Erie_Nearshore_Regional_Units BeachPostings "Poor Quality" VB #</Process><Process ToolSource="c:\program files (x86)\arcgis\desktop10.6\ArcToolbox\Toolboxes\Data Management Tools.tbx\CalculateField" Date="20190816" Time="134214">CalculateField Erie_Nearshore_Regional_Units BeachPostings "No Score" VB #</Process><Process ToolSource="c:\program files (x86)\arcgis\desktop10.6\ArcToolbox\Toolboxes\Data Management Tools.tbx\CalculateField" Date="20190816" Time="134230">CalculateField Erie_Nearshore_Regional_Units BeachPostings "Poor Quality" VB #</Process><Process ToolSource="c:\program files (x86)\arcgis\desktop10.6\ArcToolbox\Toolboxes\Data Management Tools.tbx\CalculateField" Date="20190816" Time="134245">CalculateField Erie_Nearshore_Regional_Units BeachPostings "Fair Quality" VB #</Process><Process ToolSource="c:\program files (x86)\arcgis\desktop10.6\ArcToolbox\Toolboxes\Data Management Tools.tbx\CalculateField" Date="20190816" Time="134754">CalculateField Erie_Nearshore_Regional_Units BeachPostings "Poor Quality" VB #</Process><Process ToolSource="c:\program files (x86)\arcgis\desktop10.6\ArcToolbox\Toolboxes\Data Management Tools.tbx\CalculateField" Date="20190816" Time="134823">CalculateField Erie_Nearshore_Regional_Units BeachPostings "Fair Quality" VB #</Process><Process ToolSource="c:\program files (x86)\arcgis\desktop10.6\ArcToolbox\Toolboxes\Data Management Tools.tbx\CalculateField" Date="20190816" Time="134944">CalculateField Erie_Nearshore_Regional_Units BeachPostings "Good Quality" VB #</Process><Process ToolSource="c:\program files (x86)\arcgis\desktop10.6\ArcToolbox\Toolboxes\Data Management Tools.tbx\CalculateField" Date="20190816" Time="134958">CalculateField Erie_Nearshore_Regional_Units BeachPostings "Fair Quality" VB #</Process><Process ToolSource="c:\program files (x86)\arcgis\desktop10.6\ArcToolbox\Toolboxes\Data Management Tools.tbx\CalculateField" Date="20190816" Time="135009">CalculateField Erie_Nearshore_Regional_Units BeachPostings "Good Quality" VB #</Process><Process ToolSource="c:\program files (x86)\arcgis\desktop10.6\ArcToolbox\Toolboxes\Data Management Tools.tbx\CalculateField" Date="20190816" Time="135025">CalculateField Erie_Nearshore_Regional_Units BeachPostings "Fair Quality" VB #</Process><Process ToolSource="c:\program files (x86)\arcgis\desktop10.6\ArcToolbox\Toolboxes\Data Management Tools.tbx\CalculateField" Date="20190816" Time="135039">CalculateField Erie_Nearshore_Regional_Units BeachPostings "Poor Quality" VB #</Process><Process ToolSource="c:\program files (x86)\arcgis\desktop10.6\ArcToolbox\Toolboxes\Data Management Tools.tbx\CalculateField" Date="20190816" Time="140755">CalculateField Erie_Nearshore_Regional_Units xHumanUse "FAIR QUALITY" VB #</Process><Process ToolSource="c:\program files (x86)\arcgis\desktop10.6\ArcToolbox\Toolboxes\Data Management Tools.tbx\CalculateField" Date="20190816" Time="140807">CalculateField Erie_Nearshore_Regional_Units xHumanUse "GOOD QUALITY" VB #</Process><Process ToolSource="c:\program files (x86)\arcgis\desktop10.6\ArcToolbox\Toolboxes\Data Management Tools.tbx\CalculateField" Date="20190816" Time="140824">CalculateField Erie_Nearshore_Regional_Units xHumanUse "FAIR QUALITY" VB #</Process><Process ToolSource="c:\program files (x86)\arcgis\desktop10.6\ArcToolbox\Toolboxes\Data Management Tools.tbx\CalculateField" Date="20190816" Time="140844">CalculateField Erie_Nearshore_Regional_Units xHumanUse "GOOD QUALITY" VB #</Process><Process ToolSource="c:\program files (x86)\arcgis\desktop10.6\ArcToolbox\Toolboxes\Data Management Tools.tbx\CalculateField" Date="20190816" Time="140902">CalculateField Erie_Nearshore_Regional_Units xHumanUse "FAIR QUALITY" VB #</Process><Process ToolSource="c:\program files (x86)\arcgis\desktop10.6\ArcToolbox\Toolboxes\Data Management Tools.tbx\CalculateField" Date="20190816" Time="141009">CalculateField Erie_Nearshore_Regional_Units x2018_ASSESSMENT "FAIR QUALITY" VB #</Process><Process ToolSource="c:\program files (x86)\arcgis\desktop10.6\ArcToolbox\Toolboxes\Data Management Tools.tbx\CalculateField" Date="20190816" Time="141030">CalculateField Erie_Nearshore_Regional_Units x2018_ASSESSMENT "POOR QUALITY - FLAG" VB #</Process><Process ToolSource="c:\program files (x86)\arcgis\desktop10.6\ArcToolbox\Toolboxes\Data Management Tools.tbx\CalculateField" Date="20190816" Time="141046">CalculateField Erie_Nearshore_Regional_Units x2018_ASSESSMENT "FAIR QUALITY - FLAG" VB #</Process><Process ToolSource="c:\program files (x86)\arcgis\desktop10.6\ArcToolbox\Toolboxes\Data Management Tools.tbx\CalculateField" Date="20190816" Time="141107">CalculateField Erie_Nearshore_Regional_Units x2018_ASSESSMENT "FAIR QUALITY" VB #</Process><Process ToolSource="c:\program files (x86)\arcgis\desktop10.6\ArcToolbox\Toolboxes\Data Management Tools.tbx\CalculateField" Date="20190816" Time="141126">CalculateField Erie_Nearshore_Regional_Units x2018_ASSESSMENT "GOOD QUALITY" VB #</Process><Process ToolSource="c:\program files (x86)\arcgis\desktop10.6\ArcToolbox\Toolboxes\Data Management Tools.tbx\CalculateField" Date="20190816" Time="141142">CalculateField Erie_Nearshore_Regional_Units x2018_ASSESSMENT "FAIR QUALITY" VB #</Process><Process ToolSource="c:\program files (x86)\arcgis\desktop10.6\ArcToolbox\Toolboxes\Data Management Tools.tbx\CalculateField" Date="20200303" Time="145706">CalculateField LakeErie_Nearshore_RegionalUnits RegUnit_ID "LE01" VB #</Process><Process ToolSource="c:\program files (x86)\arcgis\desktop10.6\ArcToolbox\Toolboxes\Data Management Tools.tbx\CalculateField" Date="20200303" Time="145716">CalculateField LakeErie_Nearshore_RegionalUnits RegUnit_ID "LE02" VB #</Process><Process ToolSource="c:\program files (x86)\arcgis\desktop10.6\ArcToolbox\Toolboxes\Data Management Tools.tbx\CalculateField" Date="20200303" Time="145724">CalculateField LakeErie_Nearshore_RegionalUnits RegUnit_ID "LE03" VB #</Process><Process ToolSource="c:\program files (x86)\arcgis\desktop10.6\ArcToolbox\Toolboxes\Data Management Tools.tbx\CalculateField" Date="20200303" Time="145734">CalculateField LakeErie_Nearshore_RegionalUnits RegUnit_ID "LE04" VB #</Process><Process ToolSource="c:\program files (x86)\arcgis\desktop10.6\ArcToolbox\Toolboxes\Data Management Tools.tbx\CalculateField" Date="20200303" Time="151015">CalculateField LakeErie_Nearshore_RegionalUnits RegUnit_ID "LE05" VB #</Process><Process ToolSource="c:\program files (x86)\arcgis\desktop10.6\ArcToolbox\Toolboxes\Data Management Tools.tbx\CalculateField" Date="20200303" Time="151024">CalculateField LakeErie_Nearshore_RegionalUnits RegUnit_ID "LE06" VB #</Process><Process ToolSource="c:\program files (x86)\arcgis\desktop10.6\ArcToolbox\Toolboxes\Data Management Tools.tbx\CalculateField" Date="20200303" Time="151033">CalculateField LakeErie_Nearshore_RegionalUnits RegUnit_ID "LE07" VB #</Process><Process ToolSource="c:\program files (x86)\arcgis\desktop10.6\ArcToolbox\Toolboxes\Data Management Tools.tbx\CalculateField" Date="20200303" Time="151051">CalculateField LakeErie_Nearshore_RegionalUnits RegUnit_ID "LE08" VB #</Process><Process ToolSource="c:\program files (x86)\arcgis\desktop10.6\ArcToolbox\Toolboxes\Data Management Tools.tbx\CalculateField" Date="20200303" Time="151058">CalculateField LakeErie_Nearshore_RegionalUnits RegUnit_ID "LE09" VB #</Process><Process ToolSource="c:\program files (x86)\arcgis\desktop10.6\ArcToolbox\Toolboxes\Data Management Tools.tbx\CalculateField" Date="20200303" Time="151107">CalculateField LakeErie_Nearshore_RegionalUnits RegUnit_ID "LE10" VB #</Process><Process ToolSource="c:\program files (x86)\arcgis\desktop10.6\ArcToolbox\Toolboxes\Data Management Tools.tbx\CalculateField" Date="20200303" Time="151121">CalculateField LakeErie_Nearshore_RegionalUnits RegUnit_ID "LE11" VB #</Process><Process ToolSource="c:\program files (x86)\arcgis\desktop10.6\ArcToolbox\Toolboxes\Data Management Tools.tbx\CalculateField" Date="20200303" Time="151129">CalculateField LakeErie_Nearshore_RegionalUnits RegUnit_ID "LE12" VB #</Process><Process ToolSource="c:\program files (x86)\arcgis\desktop10.6\ArcToolbox\Toolboxes\Data Management Tools.tbx\CalculateField" Date="20200303" Time="151137">CalculateField LakeErie_Nearshore_RegionalUnits RegUnit_ID "LE13" VB #</Process><Process ToolSource="c:\program files (x86)\arcgis\desktop10.6\ArcToolbox\Toolboxes\Data Management Tools.tbx\CalculateField" Date="20200303" Time="151146">CalculateField LakeErie_Nearshore_RegionalUnits RegUnit_ID "LE14" VB #</Process><Process ToolSource="c:\program files (x86)\arcgis\desktop10.6\ArcToolbox\Toolboxes\Data Management Tools.tbx\CalculateField" Date="20200303" Time="151155">CalculateField LakeErie_Nearshore_RegionalUnits RegUnit_ID "LE15" VB #</Process><Process ToolSource="c:\program files (x86)\arcgis\desktop10.6\ArcToolbox\Toolboxes\Data Management Tools.tbx\CalculateField" Date="20200303" Time="152306">CalculateField LakeErie_Nearshore_RegionalUnits RegUnit_Nm "St. Clair River" VB #</Process><Process ToolSource="c:\program files (x86)\arcgis\desktop10.6\ArcToolbox\Toolboxes\Data Management Tools.tbx\CalculateField" Date="20200303" Time="152326">CalculateField LakeErie_Nearshore_RegionalUnits RegUnit_Nm "Lake St. Clair" VB #</Process><Process ToolSource="c:\program files (x86)\arcgis\desktop10.6\ArcToolbox\Toolboxes\Data Management Tools.tbx\CalculateField" Date="20200303" Time="152344">CalculateField LakeErie_Nearshore_RegionalUnits RegUnit_Nm "Detroit River" VB #</Process><Process ToolSource="c:\program files (x86)\arcgis\desktop10.6\ArcToolbox\Toolboxes\Data Management Tools.tbx\CalculateField" Date="20200303" Time="152357">CalculateField LakeErie_Nearshore_RegionalUnits RegUnit_Nm "Western Basin Nearshore" VB #</Process><Process ToolSource="c:\program files (x86)\arcgis\desktop10.6\ArcToolbox\Toolboxes\Data Management Tools.tbx\CalculateField" Date="20200303" Time="152533">CalculateField LakeErie_Nearshore_RegionalUnits RegUnit_Nm [Unit_Name] VB #</Process><Process ToolSource="c:\program files (x86)\arcgis\desktop10.6\ArcToolbox\Toolboxes\Data Management Tools.tbx\CalculateField" Date="20200304" Time="112607">CalculateField LakeErie_Nearshore_RegionalUnits Ecosystem "Connecting channel" VB #</Process><Process ToolSource="c:\program files (x86)\arcgis\desktop10.6\ArcToolbox\Toolboxes\Data Management Tools.tbx\CalculateField" Date="20200304" Time="112622">CalculateField LakeErie_Nearshore_RegionalUnits Ecosystem "Low energy" VB #</Process><Process ToolSource="c:\program files (x86)\arcgis\desktop10.6\ArcToolbox\Toolboxes\Data Management Tools.tbx\CalculateField" Date="20200304" Time="112638">CalculateField LakeErie_Nearshore_RegionalUnits Ecosystem "Moderate energy" VB #</Process><Process ToolSource="c:\program files (x86)\arcgis\desktop10.6\ArcToolbox\Toolboxes\Data Management Tools.tbx\CalculateField" Date="20200304" Time="112652">CalculateField LakeErie_Nearshore_RegionalUnits Ecosystem "High energy" VB #</Process><Process ToolSource="c:\program files (x86)\arcgis\desktop10.6\ArcToolbox\Toolboxes\Data Management Tools.tbx\CalculateField" Date="20200304" Time="112707">CalculateField LakeErie_Nearshore_RegionalUnits Ecosystem "Sheltered embayment" VB #</Process><Process ToolSource="c:\program files (x86)\arcgis\desktop10.6\ArcToolbox\Toolboxes\Data Management Tools.tbx\CalculateField" Date="20200304" Time="112719">CalculateField LakeErie_Nearshore_RegionalUnits Ecosystem "Rivermouth" VB #</Process><Process ToolSource="c:\program files (x86)\arcgis\desktop10.6\ArcToolbox\Toolboxes\Data Management Tools.tbx\CalculateField" Date="20200306" Time="144000">CalculateField LakeErie_Nearshore_RegionalUnits 2018Result "Fair Quality" VB #</Process><Process ToolSource="c:\program files (x86)\arcgis\desktop10.6\ArcToolbox\Toolboxes\Data Management Tools.tbx\CalculateField" Date="20200306" Time="144012">CalculateField LakeErie_Nearshore_RegionalUnits 2018Result "Poor Quality" VB #</Process><Process ToolSource="c:\program files (x86)\arcgis\desktop10.6\ArcToolbox\Toolboxes\Data Management Tools.tbx\CalculateField" Date="20200306" Time="144030">CalculateField LakeErie_Nearshore_RegionalUnits 2018Result "Good Quality" VB #</Process></lineage><itemProps><itemLocation><linkage Sync="TRUE">file://\\int.ec.gc.ca\shares\M\MSC&amp;ONT\Strategic Integration Office\GLEM\Nearshore\AllLakes\DataManagement\ErieRegUnits\LakeErie_Nearshore_RegionalUnits</linkage><protocol Sync="TRUE">Local Area Network</protocol></itemLocation><itemName Sync="TRUE">Erie_Nearshore_Regional_Units</itemName><imsContentType Sync="TRUE">002</imsContentType></itemProps><copyHistory><copy source="Z:\GLEM\Nearshore\AllLakes\DataManagement\NearshoreOpenData\Erie\LakeErie_Nearshore_RegionalUnits" dest="\\int.ec.gc.ca\shares\M\MSC&amp;ONT\Strategic Integration Office\GLEM\Nearshore\AllLakes\DataManagement\ErieRegUnits\LakeErie_Nearshore_RegionalUnits" date="20200306" time="14413400"></copy></copyHistory><coordRef><type Sync="TRUE">Projected</type><geogcsn Sync="TRUE">GCS_North_American_1983</geogcsn><csUnits Sync="TRUE">Linear Unit: Meter (1.000000)</csUnits><projcsn Sync="TRUE">NAD_1983_UTM_Zone_17N</projcsn><peXml Sync="TRUE">&lt;ProjectedCoordinateSystem xsi:type='typens:ProjectedCoordinateSystem' xmlns:xsi='http://www.w3.org/2001/XMLSchema-instance' xmlns:xs='http://www.w3.org/2001/XMLSchema' xmlns:typens='http://www.esri.com/schemas/ArcGIS/10.1'&gt;&lt;WKT&gt;PROJCS[&amp;quot;NAD_1983_UTM_Zone_17N&amp;quot;,GEOGCS[&amp;quot;GCS_North_American_1983&amp;quot;,DATUM[&amp;quot;D_North_American_1983&amp;quot;,SPHEROID[&amp;quot;GRS_1980&amp;quot;,6378137.0,298.257222101]],PRIMEM[&amp;quot;Greenwich&amp;quot;,0.0],UNIT[&amp;quot;Degree&amp;quot;,0.0174532925199433]],PROJECTION[&amp;quot;Transverse_Mercator&amp;quot;],PARAMETER[&amp;quot;False_Easting&amp;quot;,500000.0],PARAMETER[&amp;quot;False_Northing&amp;quot;,0.0],PARAMETER[&amp;quot;Central_Meridian&amp;quot;,-81.0],PARAMETER[&amp;quot;Scale_Factor&amp;quot;,0.9996],PARAMETER[&amp;quot;Latitude_Of_Origin&amp;quot;,0.0],UNIT[&amp;quot;Meter&amp;quot;,1.0],AUTHORITY[&amp;quot;EPSG&amp;quot;,26917]]&lt;/WKT&gt;&lt;XOrigin&gt;-5120900&lt;/XOrigin&gt;&lt;YOrigin&gt;-9998100&lt;/YOrigin&gt;&lt;XYScale&gt;10000&lt;/XYScale&gt;&lt;ZOrigin&gt;-100000&lt;/ZOrigin&gt;&lt;ZScale&gt;10000&lt;/ZScale&gt;&lt;MOrigin&gt;-100000&lt;/MOrigin&gt;&lt;MScale&gt;10000&lt;/MScale&gt;&lt;XYTolerance&gt;0.001&lt;/XYTolerance&gt;&lt;ZTolerance&gt;0.001&lt;/ZTolerance&gt;&lt;MTolerance&gt;0.001&lt;/MTolerance&gt;&lt;HighPrecision&gt;true&lt;/HighPrecision&gt;&lt;WKID&gt;26917&lt;/WKID&gt;&lt;LatestWKID&gt;26917&lt;/LatestWKID&gt;&lt;/ProjectedCoordinateSystem&gt;</peXml></coordRef></DataProperties><SyncDate>20190628</SyncDate><SyncTime>11572500</SyncTime><ModDate>20190628</ModDate><ModTime>11572500</ModTime></Esri><dataIdInfo><envirDesc Sync="TRUE"> Version 6.2 (Build 9200) ; Esri ArcGIS 10.2.2.3574</envirDesc><dataLang><languageCode value="eng" Sync="TRUE"></languageCode><countryCode value="CAN" Sync="TRUE"></countryCode></dataLang><idCitation><resTitle Sync="TRUE">Erie_Nearshore_Regional_Units</resTitle><presForm><PresFormCd value="005" Sync="TRUE"></PresFormCd></presForm></idCitation><spatRpType><SpatRepTypCd value="001" Sync="TRUE"></SpatRepTypCd></spatRpType></dataIdInfo><mdLang><languageCode value="eng" Sync="TRUE"></languageCode><countryCode value="CAN" Sync="TRUE"></countryCode></mdLang><distInfo><distFormat><formatName Sync="TRUE">File Geodatabase Feature Class</formatName></distFormat></distInfo><mdHrLv><ScopeCd value="005" Sync="TRUE"></ScopeCd></mdHrLv><mdHrLvName Sync="TRUE">dataset</mdHrLvName><refSysInfo><RefSystem><refSysID><identCode code="26917" Sync="TRUE"></identCode><idCodeSpace Sync="TRUE">EPSG</idCodeSpace><idVersion Sync="TRUE">8.2.6</idVersion></refSysID></RefSystem></refSysInfo><spatRepInfo><VectSpatRep><geometObjs Name="Erie_Nearshore_Regional_Units"><geoObjTyp><GeoObjTypCd value="002" Sync="TRUE"></GeoObjTypCd></geoObjTyp><geoObjCnt Sync="TRUE">0</geoObjCnt></geometObjs><topLvl><TopoLevCd value="001" Sync="TRUE"></TopoLevCd></topLvl></VectSpatRep></spatRepInfo><spdoinfo><ptvctinf><esriterm Name="Erie_Nearshore_Regional_Units"><efeatyp Sync="TRUE">Simple</efeatyp><efeageom code="4" Sync="TRUE"></efeageom><esritopo Sync="TRUE">FALSE</esritopo><efeacnt Sync="TRUE">0</efeacnt><spindex Sync="TRUE">TRUE</spindex><linrefer Sync="TRUE">FALSE</linrefer></esriterm></ptvctinf></spdoinfo><eainfo><detailed Name="Erie_Nearshore_Regional_Units"><enttyp><enttypl Sync="TRUE">Erie_Nearshore_Regional_Units</enttypl><enttypt Sync="TRUE">Feature Class</enttypt><enttypc Sync="TRUE">0</enttypc></enttyp><attr><attrlabl Sync="TRUE">OBJECTID</attrlabl><attalias Sync="TRUE">OBJECTID</attalias><attrtype Sync="TRUE">OID</attrtype><attwidth Sync="TRUE">4</attwidth><atprecis Sync="TRUE">0</atprecis><attscale Sync="TRUE">0</attscale><attrdef Sync="TRUE">Internal feature number.</attrdef><attrdefs Sync="TRUE">Esri</attrdefs><attrdomv><udom Sync="TRUE">Sequential unique whole numbers that are automatically generated.</udom></attrdomv></attr><attr><attrlabl Sync="TRUE">Shape</attrlabl><attalias Sync="TRUE">Shape</attalias><attrtype Sync="TRUE">Geometry</attrtype><attwidth Sync="TRUE">0</attwidth><atprecis Sync="TRUE">0</atprecis><attscale Sync="TRUE">0</attscale><attrdef Sync="TRUE">Feature geometry.</attrdef><attrdefs Sync="TRUE">Esri</attrdefs><attrdomv><udom Sync="TRUE">Coordinates defining the features.</udom></attrdomv></attr><attr><attrlabl Sync="TRUE">id</attrlabl><attalias Sync="TRUE">id</attalias><attrtype Sync="TRUE">Double</attrtype><attwidth Sync="TRUE">8</attwidth><atprecis Sync="TRUE">0</atprecis><attscale Sync="TRUE">0</attscale></attr><attr><attrlabl Sync="TRUE">Unit_Type</attrlabl><attalias Sync="TRUE">Unit_Type</attalias><attrtype Sync="TRUE">String</attrtype><attwidth Sync="TRUE">20</attwidth><atprecis Sync="TRUE">0</atprecis><attscale Sync="TRUE">0</attscale></attr><attr><attrlabl Sync="TRUE">Unit_Name</attrlabl><attalias Sync="TRUE">Unit_Name</attalias><attrtype Sync="TRUE">String</attrtype><attwidth Sync="TRUE">50</attwidth><atprecis Sync="TRUE">0</atprecis><attscale Sync="TRUE">0</attscale></attr><attr><attrlabl Sync="TRUE">Area_ha</attrlabl><attalias Sync="TRUE">Area_ha</attalias><attrtype Sync="TRUE">Double</attrtype><attwidth Sync="TRUE">8</attwidth><atprecis Sync="TRUE">0</atprecis><attscale Sync="TRUE">0</attscale></attr><attr><attrlabl Sync="TRUE">Basin</attrlabl><attalias Sync="TRUE">Basin</attalias><attrtype Sync="TRUE">String</attrtype><attwidth Sync="TRUE">15</attwidth><atprecis Sync="TRUE">0</atprecis><attscale Sync="TRUE">0</attscale></attr><attr><attrlabl Sync="TRUE">Area_km2</attrlabl><attalias Sync="TRUE">Area_km2</attalias><attrtype Sync="TRUE">Double</attrtype><attwidth Sync="TRUE">8</attwidth><atprecis Sync="TRUE">0</atprecis><attscale Sync="TRUE">0</attscale></attr><attr><attrlabl Sync="TRUE">Class</attrlabl><attalias Sync="TRUE">Class</attalias><attrtype Sync="TRUE">String</attrtype><attwidth Sync="TRUE">50</attwidth><atprecis Sync="TRUE">0</atprecis><attscale Sync="TRUE">0</attscale></attr><attr><attrlabl Sync="TRUE">Unit_ID</attrlabl><attalias Sync="TRUE">Unit_ID</attalias><attrtype Sync="TRUE">Double</attrtype><attwidth Sync="TRUE">8</attwidth><atprecis Sync="TRUE">0</atprecis><attscale Sync="TRUE">0</attscale></attr><attr><attrlabl Sync="TRUE">Unit_Nam_1</attrlabl><attalias Sync="TRUE">Unit_Nam_1</attalias><attrtype Sync="TRUE">String</attrtype><attwidth Sync="TRUE">254</attwidth><atprecis Sync="TRUE">0</atprecis><attscale Sync="TRUE">0</attscale></attr><attr><attrlabl Sync="TRUE">AreaHA</attrlabl><attalias Sync="TRUE">AreaHA</attalias><attrtype Sync="TRUE">Double</attrtype><attwidth Sync="TRUE">8</attwidth><atprecis Sync="TRUE">0</atprecis><attscale Sync="TRUE">0</attscale></attr><attr><attrlabl Sync="TRUE">Shape_Length</attrlabl><attalias Sync="TRUE">Shape_Length</attalias><attrtype Sync="TRUE">Double</attrtype><attwidth Sync="TRUE">8</attwidth><atprecis Sync="TRUE">0</atprecis><attscale Sync="TRUE">0</attscale><attrdef Sync="TRUE">Length of feature in internal units.</attrdef><attrdefs Sync="TRUE">Esri</attrdefs><attrdomv><udom Sync="TRUE">Positive real numbers that are automatically generated.</udom></attrdomv></attr><attr><attrlabl Sync="TRUE">Shape_Area</attrlabl><attalias Sync="TRUE">Shape_Area</attalias><attrtype Sync="TRUE">Double</attrtype><attwidth Sync="TRUE">8</attwidth><atprecis Sync="TRUE">0</atprecis><attscale Sync="TRUE">0</attscale><attrdef Sync="TRUE">Area of feature in internal units squared.</attrdef><attrdefs Sync="TRUE">Esri</attrdefs><attrdomv><udom Sync="TRUE">Positive real numbers that are automatically generated.</udom></attrdomv></attr></detailed></eainfo><mdDateSt Sync="TRUE">20190628</mdDateSt></metadata>
