ISOTime,Flow
02/01/2088 00:00:00,4805.50000
03/01/2088 00:00:00,4845.90000
04/01/2088 00:00:00,4679.70000
05/01/2088 00:00:00,4533.40000
06/01/2088 00:00:00,4443.90000
07/01/2088 00:00:00,4606.20000
08/01/2088 00:00:00,4638.10000
09/01/2088 00:00:00,4862.30000
10/01/2088 00:00:00,5587.20000
11/01/2088 00:00:00,6065.10000
12/01/2088 00:00:00,5748.60000
13/01/2088 00:00:00,5534.60000
14/01/2088 00:00:00,5369.30000
15/01/2088 00:00:00,4849.30000
16/01/2088 00:00:00,4587.00000
17/01/2088 00:00:00,4316.80000
18/01/2088 00:00:00,4175.30000
19/01/2088 00:00:00,4080.40000
20/01/2088 00:00:00,4093.30000
21/01/2088 00:00:00,4096.10000
22/01/2088 00:00:00,3993.10000
23/01/2088 00:00:00,3953.20000
24/01/2088 00:00:00,3845.80000
25/01/2088 00:00:00,4082.20000
26/01/2088 00:00:00,3952.80000
27/01/2088 00:00:00,3887.50000
28/01/2088 00:00:00,3980.50000
29/01/2088 00:00:00,3955.70000
30/01/2088 00:00:00,3928.20000
31/01/2088 00:00:00,3850.30000
01/02/2088 00:00:00,3963.60000
02/02/2088 00:00:00,3991.90000
03/02/2088 00:00:00,3970.70000
04/02/2088 00:00:00,3944.50000
05/02/2088 00:00:00,4009.60000
06/02/2088 00:00:00,4431.20000
07/02/2088 00:00:00,6193.50000
08/02/2088 00:00:00,6904.00000
09/02/2088 00:00:00,6931.30000
10/02/2088 00:00:00,6419.80000
11/02/2088 00:00:00,5673.20000
12/02/2088 00:00:00,5113.60000
13/02/2088 00:00:00,4747.70000
14/02/2088 00:00:00,4450.70000
15/02/2088 00:00:00,4197.60000
16/02/2088 00:00:00,4080.00000
17/02/2088 00:00:00,4080.90000
18/02/2088 00:00:00,4133.20000
19/02/2088 00:00:00,4694.30000
20/02/2088 00:00:00,4884.50000
21/02/2088 00:00:00,4679.30000
22/02/2088 00:00:00,4355.60000
23/02/2088 00:00:00,4317.50000
24/02/2088 00:00:00,4393.00000
25/02/2088 00:00:00,4454.40000
26/02/2088 00:00:00,4465.60000
27/02/2088 00:00:00,4294.80000
28/02/2088 00:00:00,4296.60000
29/02/2088 00:00:00,4268.50000
01/03/2088 00:00:00,4213.30000
02/03/2088 00:00:00,4304.40000
03/03/2088 00:00:00,4182.70000
04/03/2088 00:00:00,4594.40000
05/03/2088 00:00:00,5533.50000
06/03/2088 00:00:00,5553.90000
07/03/2088 00:00:00,5382.60000
08/03/2088 00:00:00,5273.00000
09/03/2088 00:00:00,5169.90000
10/03/2088 00:00:00,5094.20000
11/03/2088 00:00:00,4830.00000
12/03/2088 00:00:00,4924.70000
13/03/2088 00:00:00,4757.70000
14/03/2088 00:00:00,5151.70000
15/03/2088 00:00:00,5885.60000
16/03/2088 00:00:00,6048.20000
17/03/2088 00:00:00,5873.60000
18/03/2088 00:00:00,5576.10000
19/03/2088 00:00:00,5366.80000
20/03/2088 00:00:00,5719.50000
21/03/2088 00:00:00,6033.20000
22/03/2088 00:00:00,5887.30000
23/03/2088 00:00:00,5638.30000
24/03/2088 00:00:00,5259.00000
25/03/2088 00:00:00,5094.00000
26/03/2088 00:00:00,5064.40000
27/03/2088 00:00:00,5048.60000
28/03/2088 00:00:00,4891.50000
29/03/2088 00:00:00,5455.50000
30/03/2088 00:00:00,5864.90000
31/03/2088 00:00:00,5484.40000
01/04/2088 00:00:00,5459.20000
02/04/2088 00:00:00,5502.10000
03/04/2088 00:00:00,5934.10000
04/04/2088 00:00:00,5888.90000
05/04/2088 00:00:00,6032.50000
06/04/2088 00:00:00,6045.10000
07/04/2088 00:00:00,5775.00000
08/04/2088 00:00:00,5531.90000
09/04/2088 00:00:00,5391.80000
10/04/2088 00:00:00,5199.40000
11/04/2088 00:00:00,5149.70000
12/04/2088 00:00:00,5128.30000
13/04/2088 00:00:00,5326.30000
14/04/2088 00:00:00,5312.70000
15/04/2088 00:00:00,5250.50000
16/04/2088 00:00:00,5014.10000
17/04/2088 00:00:00,4780.10000
18/04/2088 00:00:00,4899.00000
19/04/2088 00:00:00,4640.20000
20/04/2088 00:00:00,4684.70000
21/04/2088 00:00:00,4654.70000
22/04/2088 00:00:00,4884.90000
23/04/2088 00:00:00,4256.10000
24/04/2088 00:00:00,4191.60000
25/04/2088 00:00:00,4277.50000
26/04/2088 00:00:00,4109.40000
27/04/2088 00:00:00,4146.00000
28/04/2088 00:00:00,4248.40000
29/04/2088 00:00:00,4296.20000
30/04/2088 00:00:00,4346.90000
01/05/2088 00:00:00,4433.30000
02/05/2088 00:00:00,4151.30000
03/05/2088 00:00:00,4154.60000
04/05/2088 00:00:00,4346.10000
05/05/2088 00:00:00,4471.10000
06/05/2088 00:00:00,4596.60000
07/05/2088 00:00:00,4422.30000
08/05/2088 00:00:00,4336.50000
09/05/2088 00:00:00,4368.40000
10/05/2088 00:00:00,4462.00000
11/05/2088 00:00:00,4487.90000
12/05/2088 00:00:00,4612.40000
13/05/2088 00:00:00,4444.40000
14/05/2088 00:00:00,4811.40000
15/05/2088 00:00:00,4627.70000
16/05/2088 00:00:00,4593.10000
17/05/2088 00:00:00,4551.80000
18/05/2088 00:00:00,4655.40000
19/05/2088 00:00:00,4749.60000
20/05/2088 00:00:00,4723.70000
21/05/2088 00:00:00,4623.80000
22/05/2088 00:00:00,4575.10000
23/05/2088 00:00:00,4462.20000
24/05/2088 00:00:00,4563.30000
25/05/2088 00:00:00,4372.20000
26/05/2088 00:00:00,4385.00000
27/05/2088 00:00:00,4243.50000
28/05/2088 00:00:00,4323.80000
29/05/2088 00:00:00,4533.50000
30/05/2088 00:00:00,4231.40000
31/05/2088 00:00:00,4341.10000
01/06/2088 00:00:00,4328.60000
02/06/2088 00:00:00,4875.20000
03/06/2088 00:00:00,4775.30000
04/06/2088 00:00:00,4684.00000
05/06/2088 00:00:00,4708.80000
06/06/2088 00:00:00,4712.80000
07/06/2088 00:00:00,4702.40000
08/06/2088 00:00:00,4663.10000
09/06/2088 00:00:00,4606.20000
10/06/2088 00:00:00,4544.30000
11/06/2088 00:00:00,4580.60000
12/06/2088 00:00:00,4868.20000
13/06/2088 00:00:00,4854.80000
14/06/2088 00:00:00,4603.00000
15/06/2088 00:00:00,4711.30000
16/06/2088 00:00:00,4792.00000
17/06/2088 00:00:00,4740.20000
18/06/2088 00:00:00,4795.20000
19/06/2088 00:00:00,4668.00000
20/06/2088 00:00:00,4635.70000
21/06/2088 00:00:00,4572.30000
22/06/2088 00:00:00,4580.00000
23/06/2088 00:00:00,4585.00000
24/06/2088 00:00:00,4648.40000
25/06/2088 00:00:00,4694.10000
26/06/2088 00:00:00,4672.00000
27/06/2088 00:00:00,4722.80000
28/06/2088 00:00:00,5067.30000
29/06/2088 00:00:00,4999.70000
30/06/2088 00:00:00,5020.20000
01/07/2088 00:00:00,4960.30000
02/07/2088 00:00:00,4864.70000
03/07/2088 00:00:00,4635.00000
04/07/2088 00:00:00,4745.30000
05/07/2088 00:00:00,4966.60000
06/07/2088 00:00:00,4836.80000
07/07/2088 00:00:00,4768.90000
08/07/2088 00:00:00,4683.30000
09/07/2088 00:00:00,4631.00000
10/07/2088 00:00:00,4781.90000
11/07/2088 00:00:00,5026.10000
12/07/2088 00:00:00,4762.40000
13/07/2088 00:00:00,4805.00000
14/07/2088 00:00:00,4678.80000
15/07/2088 00:00:00,4793.90000
16/07/2088 00:00:00,4693.00000
17/07/2088 00:00:00,4525.00000
18/07/2088 00:00:00,4577.40000
19/07/2088 00:00:00,4510.40000
20/07/2088 00:00:00,4551.60000
21/07/2088 00:00:00,4517.00000
22/07/2088 00:00:00,4616.20000
23/07/2088 00:00:00,4619.10000
24/07/2088 00:00:00,4621.80000
25/07/2088 00:00:00,4709.40000
26/07/2088 00:00:00,4751.20000
27/07/2088 00:00:00,4552.20000
28/07/2088 00:00:00,4654.50000
29/07/2088 00:00:00,4636.30000
30/07/2088 00:00:00,4549.10000
31/07/2088 00:00:00,4476.90000
01/08/2088 00:00:00,4632.90000
02/08/2088 00:00:00,4608.00000
03/08/2088 00:00:00,4567.80000
04/08/2088 00:00:00,4584.00000
05/08/2088 00:00:00,4557.30000
06/08/2088 00:00:00,4491.90000
07/08/2088 00:00:00,4618.30000
08/08/2088 00:00:00,4635.60000
09/08/2088 00:00:00,4671.90000
10/08/2088 00:00:00,4642.90000
11/08/2088 00:00:00,4692.40000
12/08/2088 00:00:00,4798.70000
13/08/2088 00:00:00,4684.10000
14/08/2088 00:00:00,4555.30000
15/08/2088 00:00:00,4583.50000
16/08/2088 00:00:00,4665.90000
17/08/2088 00:00:00,4590.60000
18/08/2088 00:00:00,4647.20000
19/08/2088 00:00:00,4659.40000
20/08/2088 00:00:00,4653.30000
21/08/2088 00:00:00,4565.40000
22/08/2088 00:00:00,4378.60000
23/08/2088 00:00:00,4423.40000
24/08/2088 00:00:00,4491.60000
25/08/2088 00:00:00,4496.80000
26/08/2088 00:00:00,4603.80000
27/08/2088 00:00:00,4580.10000
28/08/2088 00:00:00,4295.90000
29/08/2088 00:00:00,4436.40000
30/08/2088 00:00:00,4501.50000
31/08/2088 00:00:00,4541.30000
01/09/2088 00:00:00,4521.80000
02/09/2088 00:00:00,4487.80000
03/09/2088 00:00:00,4428.00000
04/09/2088 00:00:00,4488.70000
05/09/2088 00:00:00,4563.00000
06/09/2088 00:00:00,4393.70000
07/09/2088 00:00:00,4530.70000
08/09/2088 00:00:00,4572.00000
09/09/2088 00:00:00,4566.30000
10/09/2088 00:00:00,4634.70000
11/09/2088 00:00:00,4639.50000
12/09/2088 00:00:00,4492.20000
13/09/2088 00:00:00,4574.90000
14/09/2088 00:00:00,4636.90000
15/09/2088 00:00:00,4583.30000
16/09/2088 00:00:00,4847.50000
17/09/2088 00:00:00,5066.10000
18/09/2088 00:00:00,4993.00000
19/09/2088 00:00:00,4920.20000
20/09/2088 00:00:00,4808.50000
21/09/2088 00:00:00,4717.10000
22/09/2088 00:00:00,4744.20000
23/09/2088 00:00:00,4700.80000
24/09/2088 00:00:00,4498.90000
25/09/2088 00:00:00,4486.80000
26/09/2088 00:00:00,4523.10000
27/09/2088 00:00:00,4501.00000
28/09/2088 00:00:00,4418.90000
29/09/2088 00:00:00,4543.50000
30/09/2088 00:00:00,4567.90000
01/10/2088 00:00:00,4472.40000
02/10/2088 00:00:00,4957.30000
03/10/2088 00:00:00,4950.20000
04/10/2088 00:00:00,4803.80000
05/10/2088 00:00:00,4805.00000
06/10/2088 00:00:00,4735.40000
07/10/2088 00:00:00,4738.30000
08/10/2088 00:00:00,4739.10000
09/10/2088 00:00:00,4815.20000
10/10/2088 00:00:00,4985.20000
11/10/2088 00:00:00,4859.90000
12/10/2088 00:00:00,4762.80000
13/10/2088 00:00:00,4835.60000
14/10/2088 00:00:00,4784.80000
15/10/2088 00:00:00,4758.90000
16/10/2088 00:00:00,4779.60000
17/10/2088 00:00:00,4840.20000
18/10/2088 00:00:00,4763.10000
19/10/2088 00:00:00,4928.30000
20/10/2088 00:00:00,4787.20000
21/10/2088 00:00:00,4831.60000
22/10/2088 00:00:00,4976.20000
23/10/2088 00:00:00,4733.10000
24/10/2088 00:00:00,4755.70000
25/10/2088 00:00:00,4778.70000
26/10/2088 00:00:00,4764.60000
27/10/2088 00:00:00,4836.70000
28/10/2088 00:00:00,4931.60000
29/10/2088 00:00:00,4991.00000
30/10/2088 00:00:00,4913.80000
31/10/2088 00:00:00,4543.20000
01/11/2088 00:00:00,4613.80000
02/11/2088 00:00:00,4709.20000
03/11/2088 00:00:00,4662.70000
04/11/2088 00:00:00,4785.70000
05/11/2088 00:00:00,4836.60000
06/11/2088 00:00:00,4818.60000
07/11/2088 00:00:00,4814.50000
08/11/2088 00:00:00,4644.10000
09/11/2088 00:00:00,4675.30000
10/11/2088 00:00:00,4928.80000
11/11/2088 00:00:00,4684.30000
12/11/2088 00:00:00,4561.20000
13/11/2088 00:00:00,4466.90000
14/11/2088 00:00:00,4405.20000
15/11/2088 00:00:00,4502.30000
16/11/2088 00:00:00,5005.90000
17/11/2088 00:00:00,5407.60000
18/11/2088 00:00:00,5412.20000
19/11/2088 00:00:00,5273.10000
20/11/2088 00:00:00,4879.80000
21/11/2088 00:00:00,5216.00000
22/11/2088 00:00:00,4987.40000
23/11/2088 00:00:00,4882.50000
24/11/2088 00:00:00,4766.30000
25/11/2088 00:00:00,4635.10000
26/11/2088 00:00:00,4985.10000
27/11/2088 00:00:00,4856.50000
28/11/2088 00:00:00,4678.40000
29/11/2088 00:00:00,4843.50000
30/11/2088 00:00:00,4575.80000
01/12/2088 00:00:00,4622.50000
02/12/2088 00:00:00,4845.10000
03/12/2088 00:00:00,4658.20000
04/12/2088 00:00:00,4353.00000
05/12/2088 00:00:00,4764.60000
06/12/2088 00:00:00,4658.30000
07/12/2088 00:00:00,4368.50000
08/12/2088 00:00:00,4855.50000
09/12/2088 00:00:00,4467.20000
10/12/2088 00:00:00,4578.10000
11/12/2088 00:00:00,5004.00000
12/12/2088 00:00:00,5071.90000
13/12/2088 00:00:00,5021.40000
14/12/2088 00:00:00,4511.50000
15/12/2088 00:00:00,4441.50000
16/12/2088 00:00:00,4717.60000
17/12/2088 00:00:00,4701.70000
18/12/2088 00:00:00,4896.40000
19/12/2088 00:00:00,4865.60000
20/12/2088 00:00:00,4983.00000
21/12/2088 00:00:00,4857.60000
22/12/2088 00:00:00,4733.30000
23/12/2088 00:00:00,4577.80000
24/12/2088 00:00:00,3648.40000
25/12/2088 00:00:00,3760.80000
26/12/2088 00:00:00,4819.60000
27/12/2088 00:00:00,4555.30000
28/12/2088 00:00:00,4835.90000
29/12/2088 00:00:00,5964.10000
30/12/2088 00:00:00,6745.20000
31/12/2088 00:00:00,6990.70000
01/01/2089 00:00:00,6599.50000
02/01/2089 00:00:00,5386.70000
03/01/2089 00:00:00,5432.60000
04/01/2089 00:00:00,5297.40000
05/01/2089 00:00:00,5132.40000
06/01/2089 00:00:00,5113.60000
07/01/2089 00:00:00,4715.40000
08/01/2089 00:00:00,4684.90000
09/01/2089 00:00:00,5107.50000
10/01/2089 00:00:00,4793.90000
11/01/2089 00:00:00,4515.40000
12/01/2089 00:00:00,4530.70000
13/01/2089 00:00:00,4519.40000
14/01/2089 00:00:00,4685.80000
15/01/2089 00:00:00,4346.20000
16/01/2089 00:00:00,4104.50000
17/01/2089 00:00:00,3673.70000
18/01/2089 00:00:00,3680.30000
19/01/2089 00:00:00,3845.80000
20/01/2089 00:00:00,3901.40000
21/01/2089 00:00:00,3869.40000
22/01/2089 00:00:00,3764.20000
23/01/2089 00:00:00,3894.40000
24/01/2089 00:00:00,3961.90000
25/01/2089 00:00:00,3978.70000
26/01/2089 00:00:00,3969.20000
27/01/2089 00:00:00,3746.50000
28/01/2089 00:00:00,3792.10000
29/01/2089 00:00:00,3845.90000
30/01/2089 00:00:00,3849.00000
31/01/2089 00:00:00,3967.60000
01/02/2089 00:00:00,3914.30000
02/02/2089 00:00:00,3746.90000
03/02/2089 00:00:00,3914.80000
04/02/2089 00:00:00,3960.80000
05/02/2089 00:00:00,4079.10000
06/02/2089 00:00:00,4198.60000
07/02/2089 00:00:00,4028.80000
08/02/2089 00:00:00,3901.20000
09/02/2089 00:00:00,4270.40000
10/02/2089 00:00:00,4600.00000
11/02/2089 00:00:00,4750.10000
12/02/2089 00:00:00,5314.40000
13/02/2089 00:00:00,6951.70000
14/02/2089 00:00:00,8361.10000
15/02/2089 00:00:00,7902.30000
16/02/2089 00:00:00,6998.00000
17/02/2089 00:00:00,6375.20000
18/02/2089 00:00:00,5904.80000
19/02/2089 00:00:00,5560.70000
20/02/2089 00:00:00,5791.20000
21/02/2089 00:00:00,5259.50000
22/02/2089 00:00:00,4655.80000
23/02/2089 00:00:00,4923.70000
24/02/2089 00:00:00,4716.60000
25/02/2089 00:00:00,4590.80000
26/02/2089 00:00:00,4530.30000
27/02/2089 00:00:00,4607.70000
28/02/2089 00:00:00,4915.10000
01/03/2089 00:00:00,5205.30000
02/03/2089 00:00:00,5405.50000
03/03/2089 00:00:00,4976.10000
04/03/2089 00:00:00,4931.50000
05/03/2089 00:00:00,4853.20000
06/03/2089 00:00:00,4777.90000
07/03/2089 00:00:00,4716.20000
08/03/2089 00:00:00,4965.70000
09/03/2089 00:00:00,5331.30000
10/03/2089 00:00:00,7354.80000
11/03/2089 00:00:00,7336.60000
12/03/2089 00:00:00,8220.90000
13/03/2089 00:00:00,8125.00000
14/03/2089 00:00:00,7070.00000
15/03/2089 00:00:00,6451.10000
16/03/2089 00:00:00,6020.30000
17/03/2089 00:00:00,5712.40000
18/03/2089 00:00:00,5440.10000
19/03/2089 00:00:00,5222.80000
20/03/2089 00:00:00,5216.80000
21/03/2089 00:00:00,5119.80000
22/03/2089 00:00:00,4926.60000
23/03/2089 00:00:00,5014.80000
24/03/2089 00:00:00,4723.90000
25/03/2089 00:00:00,4464.60000
26/03/2089 00:00:00,4521.40000
27/03/2089 00:00:00,4842.80000
28/03/2089 00:00:00,4761.90000
29/03/2089 00:00:00,4894.50000
30/03/2089 00:00:00,4716.20000
31/03/2089 00:00:00,5071.80000
01/04/2089 00:00:00,4660.60000
02/04/2089 00:00:00,4619.50000
03/04/2089 00:00:00,4777.20000
04/04/2089 00:00:00,4992.40000
05/04/2089 00:00:00,5215.50000
06/04/2089 00:00:00,5171.90000
07/04/2089 00:00:00,5872.00000
08/04/2089 00:00:00,6362.70000
09/04/2089 00:00:00,5999.70000
10/04/2089 00:00:00,5601.80000
11/04/2089 00:00:00,5551.80000
12/04/2089 00:00:00,5439.90000
13/04/2089 00:00:00,5184.30000
14/04/2089 00:00:00,4891.50000
15/04/2089 00:00:00,4875.80000
16/04/2089 00:00:00,5547.40000
17/04/2089 00:00:00,5604.70000
18/04/2089 00:00:00,5385.20000
19/04/2089 00:00:00,5105.20000
20/04/2089 00:00:00,4681.70000
21/04/2089 00:00:00,4688.00000
22/04/2089 00:00:00,4940.80000
23/04/2089 00:00:00,5431.30000
24/04/2089 00:00:00,5324.90000
25/04/2089 00:00:00,4803.30000
26/04/2089 00:00:00,4671.80000
27/04/2089 00:00:00,4953.60000
28/04/2089 00:00:00,4625.70000
29/04/2089 00:00:00,5166.00000
30/04/2089 00:00:00,4917.40000
01/05/2089 00:00:00,4986.40000
02/05/2089 00:00:00,5309.90000
03/05/2089 00:00:00,5242.40000
04/05/2089 00:00:00,5261.60000
05/05/2089 00:00:00,5211.80000
06/05/2089 00:00:00,4909.50000
07/05/2089 00:00:00,4793.60000
08/05/2089 00:00:00,4757.40000
09/05/2089 00:00:00,4883.70000
10/05/2089 00:00:00,4911.40000
11/05/2089 00:00:00,4993.40000
12/05/2089 00:00:00,4918.90000
13/05/2089 00:00:00,4883.50000
14/05/2089 00:00:00,4483.00000
15/05/2089 00:00:00,4626.50000
16/05/2089 00:00:00,5053.60000
17/05/2089 00:00:00,4981.60000
18/05/2089 00:00:00,5031.60000
19/05/2089 00:00:00,4825.10000
20/05/2089 00:00:00,4589.60000
21/05/2089 00:00:00,4740.70000
22/05/2089 00:00:00,4777.30000
23/05/2089 00:00:00,4852.70000
24/05/2089 00:00:00,4575.60000
25/05/2089 00:00:00,4825.00000
26/05/2089 00:00:00,4644.70000
27/05/2089 00:00:00,4778.00000
28/05/2089 00:00:00,5134.70000
29/05/2089 00:00:00,5065.70000
30/05/2089 00:00:00,5213.20000
31/05/2089 00:00:00,4983.30000
01/06/2089 00:00:00,4948.40000
02/06/2089 00:00:00,4798.70000
03/06/2089 00:00:00,4925.30000
04/06/2089 00:00:00,4970.90000
05/06/2089 00:00:00,4936.30000
06/06/2089 00:00:00,4931.70000
07/06/2089 00:00:00,4932.90000
08/06/2089 00:00:00,4788.50000
09/06/2089 00:00:00,4634.80000
10/06/2089 00:00:00,4861.10000
11/06/2089 00:00:00,4665.90000
12/06/2089 00:00:00,4765.60000
13/06/2089 00:00:00,4889.60000
14/06/2089 00:00:00,4761.60000
15/06/2089 00:00:00,4828.20000
16/06/2089 00:00:00,4900.00000
17/06/2089 00:00:00,4898.00000
18/06/2089 00:00:00,4819.10000
19/06/2089 00:00:00,4827.20000
20/06/2089 00:00:00,4764.90000
21/06/2089 00:00:00,5311.50000
22/06/2089 00:00:00,5234.90000
23/06/2089 00:00:00,5320.70000
24/06/2089 00:00:00,5175.70000
25/06/2089 00:00:00,4994.90000
26/06/2089 00:00:00,4878.00000
27/06/2089 00:00:00,4992.90000
28/06/2089 00:00:00,4948.20000
29/06/2089 00:00:00,4889.40000
30/06/2089 00:00:00,4678.10000
01/07/2089 00:00:00,4874.00000
02/07/2089 00:00:00,4646.70000
03/07/2089 00:00:00,4766.50000
04/07/2089 00:00:00,4791.80000
05/07/2089 00:00:00,4736.10000
06/07/2089 00:00:00,4783.50000
07/07/2089 00:00:00,4829.20000
08/07/2089 00:00:00,4798.40000
09/07/2089 00:00:00,4743.00000
10/07/2089 00:00:00,4788.90000
11/07/2089 00:00:00,4834.40000
12/07/2089 00:00:00,4844.00000
13/07/2089 00:00:00,4659.40000
14/07/2089 00:00:00,4792.00000
15/07/2089 00:00:00,4669.90000
16/07/2089 00:00:00,4574.40000
17/07/2089 00:00:00,4785.50000
18/07/2089 00:00:00,4736.30000
19/07/2089 00:00:00,4765.70000
20/07/2089 00:00:00,4662.60000
21/07/2089 00:00:00,4663.10000
22/07/2089 00:00:00,4637.80000
23/07/2089 00:00:00,4687.10000
24/07/2089 00:00:00,4676.50000
25/07/2089 00:00:00,4649.30000
26/07/2089 00:00:00,4575.40000
27/07/2089 00:00:00,4614.00000
28/07/2089 00:00:00,4717.40000
29/07/2089 00:00:00,4509.50000
30/07/2089 00:00:00,4740.70000
31/07/2089 00:00:00,4673.00000
01/08/2089 00:00:00,4721.50000
02/08/2089 00:00:00,4466.30000
03/08/2089 00:00:00,4783.70000
04/08/2089 00:00:00,4313.20000
05/08/2089 00:00:00,4640.20000
06/08/2089 00:00:00,4534.40000
07/08/2089 00:00:00,4710.30000
08/08/2089 00:00:00,4645.80000
09/08/2089 00:00:00,4469.80000
10/08/2089 00:00:00,4714.80000
11/08/2089 00:00:00,4894.10000
12/08/2089 00:00:00,4973.60000
13/08/2089 00:00:00,4739.80000
14/08/2089 00:00:00,4680.50000
15/08/2089 00:00:00,4767.90000
16/08/2089 00:00:00,4716.30000
17/08/2089 00:00:00,4687.00000
18/08/2089 00:00:00,4684.40000
19/08/2089 00:00:00,4720.80000
20/08/2089 00:00:00,4746.80000
21/08/2089 00:00:00,4415.50000
22/08/2089 00:00:00,4609.00000
23/08/2089 00:00:00,4848.70000
24/08/2089 00:00:00,4762.30000
25/08/2089 00:00:00,4734.90000
26/08/2089 00:00:00,4833.70000
27/08/2089 00:00:00,5350.20000
28/08/2089 00:00:00,4816.20000
29/08/2089 00:00:00,4623.20000
30/08/2089 00:00:00,4876.20000
31/08/2089 00:00:00,5044.80000
01/09/2089 00:00:00,4862.20000
02/09/2089 00:00:00,4858.40000
03/09/2089 00:00:00,4869.90000
04/09/2089 00:00:00,4792.40000
05/09/2089 00:00:00,4719.00000
06/09/2089 00:00:00,4663.70000
07/09/2089 00:00:00,4586.50000
08/09/2089 00:00:00,4611.90000
09/09/2089 00:00:00,4564.70000
10/09/2089 00:00:00,4611.80000
11/09/2089 00:00:00,4584.50000
12/09/2089 00:00:00,4516.50000
13/09/2089 00:00:00,4685.70000
14/09/2089 00:00:00,4659.30000
15/09/2089 00:00:00,4730.20000
16/09/2089 00:00:00,4729.10000
17/09/2089 00:00:00,4605.70000
18/09/2089 00:00:00,4678.70000
19/09/2089 00:00:00,4777.10000
20/09/2089 00:00:00,4747.60000
21/09/2089 00:00:00,4818.00000
22/09/2089 00:00:00,4651.80000
23/09/2089 00:00:00,4723.50000
24/09/2089 00:00:00,4702.50000
25/09/2089 00:00:00,4652.20000
26/09/2089 00:00:00,4579.20000
27/09/2089 00:00:00,4749.90000
28/09/2089 00:00:00,4787.50000
29/09/2089 00:00:00,4882.90000
30/09/2089 00:00:00,4959.80000
01/10/2089 00:00:00,4942.30000
02/10/2089 00:00:00,4869.30000
03/10/2089 00:00:00,4767.40000
04/10/2089 00:00:00,4686.00000
05/10/2089 00:00:00,5033.80000
06/10/2089 00:00:00,5011.70000
07/10/2089 00:00:00,4689.30000
08/10/2089 00:00:00,5032.20000
09/10/2089 00:00:00,4779.90000
10/10/2089 00:00:00,5054.60000
11/10/2089 00:00:00,5066.80000
12/10/2089 00:00:00,5210.90000
13/10/2089 00:00:00,5124.20000
14/10/2089 00:00:00,5275.10000
15/10/2089 00:00:00,5198.00000
16/10/2089 00:00:00,5143.60000
17/10/2089 00:00:00,5062.60000
18/10/2089 00:00:00,5132.30000
19/10/2089 00:00:00,4981.60000
20/10/2089 00:00:00,4805.80000
21/10/2089 00:00:00,4969.40000
22/10/2089 00:00:00,4891.40000
23/10/2089 00:00:00,4986.90000
24/10/2089 00:00:00,4676.30000
25/10/2089 00:00:00,5021.20000
26/10/2089 00:00:00,5003.60000
27/10/2089 00:00:00,4893.40000
28/10/2089 00:00:00,5004.30000
29/10/2089 00:00:00,5014.60000
30/10/2089 00:00:00,4885.60000
31/10/2089 00:00:00,4774.20000
01/11/2089 00:00:00,4943.70000
02/11/2089 00:00:00,4984.40000
03/11/2089 00:00:00,4885.40000
04/11/2089 00:00:00,5188.20000
05/11/2089 00:00:00,4942.60000
06/11/2089 00:00:00,5139.70000
07/11/2089 00:00:00,4932.00000
08/11/2089 00:00:00,4834.70000
09/11/2089 00:00:00,5012.60000
10/11/2089 00:00:00,4963.10000
11/11/2089 00:00:00,5068.80000
12/11/2089 00:00:00,5059.30000
13/11/2089 00:00:00,5098.90000
14/11/2089 00:00:00,4998.30000
15/11/2089 00:00:00,4971.50000
16/11/2089 00:00:00,5043.70000
17/11/2089 00:00:00,5039.70000
18/11/2089 00:00:00,4916.80000
19/11/2089 00:00:00,5067.30000
20/11/2089 00:00:00,4985.30000
21/11/2089 00:00:00,5077.50000
22/11/2089 00:00:00,4933.70000
23/11/2089 00:00:00,4861.20000
24/11/2089 00:00:00,4909.50000
25/11/2089 00:00:00,4979.70000
26/11/2089 00:00:00,4909.10000
27/11/2089 00:00:00,4836.60000
28/11/2089 00:00:00,5163.60000
29/11/2089 00:00:00,4845.00000
30/11/2089 00:00:00,4915.80000
01/12/2089 00:00:00,4957.20000
02/12/2089 00:00:00,4948.50000
03/12/2089 00:00:00,4921.60000
04/12/2089 00:00:00,5211.80000
05/12/2089 00:00:00,5221.40000
06/12/2089 00:00:00,5094.80000
07/12/2089 00:00:00,4938.50000
08/12/2089 00:00:00,5053.00000
09/12/2089 00:00:00,4916.10000
10/12/2089 00:00:00,4603.90000
11/12/2089 00:00:00,5341.30000
12/12/2089 00:00:00,5160.40000
13/12/2089 00:00:00,4797.20000
14/12/2089 00:00:00,4964.40000
15/12/2089 00:00:00,4895.70000
16/12/2089 00:00:00,5105.30000
17/12/2089 00:00:00,4961.90000
18/12/2089 00:00:00,4996.60000
19/12/2089 00:00:00,4744.50000
20/12/2089 00:00:00,4806.00000
21/12/2089 00:00:00,4865.60000
22/12/2089 00:00:00,4921.20000
23/12/2089 00:00:00,4890.70000
24/12/2089 00:00:00,4833.10000
25/12/2089 00:00:00,4705.20000
26/12/2089 00:00:00,4618.20000
27/12/2089 00:00:00,4963.10000
28/12/2089 00:00:00,5204.70000
29/12/2089 00:00:00,5473.70000
30/12/2089 00:00:00,5185.50000
31/12/2089 00:00:00,4787.90000
01/01/2090 00:00:00,4967.60000
02/01/2090 00:00:00,5188.60000
03/01/2090 00:00:00,4660.40000
04/01/2090 00:00:00,4446.50000
05/01/2090 00:00:00,4768.00000
06/01/2090 00:00:00,5018.60000
07/01/2090 00:00:00,5022.10000
08/01/2090 00:00:00,4843.50000
09/01/2090 00:00:00,4816.40000
10/01/2090 00:00:00,4580.50000
11/01/2090 00:00:00,4317.40000
12/01/2090 00:00:00,3864.60000
13/01/2090 00:00:00,3667.10000
14/01/2090 00:00:00,3445.10000
15/01/2090 00:00:00,3636.50000
16/01/2090 00:00:00,3762.60000
17/01/2090 00:00:00,3838.40000
18/01/2090 00:00:00,3885.40000
19/01/2090 00:00:00,3972.50000
20/01/2090 00:00:00,4054.00000
21/01/2090 00:00:00,4267.20000
22/01/2090 00:00:00,4138.90000
23/01/2090 00:00:00,4373.30000
24/01/2090 00:00:00,4326.40000
25/01/2090 00:00:00,4182.40000
26/01/2090 00:00:00,4622.40000
27/01/2090 00:00:00,4916.40000
28/01/2090 00:00:00,4806.50000
29/01/2090 00:00:00,4880.20000
30/01/2090 00:00:00,4319.10000
31/01/2090 00:00:00,4391.10000
01/02/2090 00:00:00,4637.80000
02/02/2090 00:00:00,4490.80000
03/02/2090 00:00:00,4413.80000
04/02/2090 00:00:00,4479.50000
05/02/2090 00:00:00,4550.20000
06/02/2090 00:00:00,4452.80000
07/02/2090 00:00:00,4372.80000
08/02/2090 00:00:00,4218.60000
09/02/2090 00:00:00,3812.00000
10/02/2090 00:00:00,3374.60000
11/02/2090 00:00:00,3402.90000
12/02/2090 00:00:00,3082.20000
13/02/2090 00:00:00,2958.50000
14/02/2090 00:00:00,2953.00000
15/02/2090 00:00:00,3044.00000
16/02/2090 00:00:00,2896.40000
17/02/2090 00:00:00,3068.50000
18/02/2090 00:00:00,3133.20000
19/02/2090 00:00:00,3127.70000
20/02/2090 00:00:00,3246.50000
21/02/2090 00:00:00,3288.80000
22/02/2090 00:00:00,3360.50000
23/02/2090 00:00:00,3480.60000
24/02/2090 00:00:00,3721.70000
25/02/2090 00:00:00,3929.20000
26/02/2090 00:00:00,4153.50000
27/02/2090 00:00:00,4399.10000
28/02/2090 00:00:00,4310.50000
01/03/2090 00:00:00,4334.50000
02/03/2090 00:00:00,4429.00000
03/03/2090 00:00:00,4557.70000
04/03/2090 00:00:00,4780.80000
05/03/2090 00:00:00,4922.30000
06/03/2090 00:00:00,4989.10000
07/03/2090 00:00:00,5041.10000
08/03/2090 00:00:00,5106.80000
09/03/2090 00:00:00,5151.70000
10/03/2090 00:00:00,5210.20000
11/03/2090 00:00:00,5451.60000
12/03/2090 00:00:00,5528.10000
13/03/2090 00:00:00,5682.40000
14/03/2090 00:00:00,5342.50000
15/03/2090 00:00:00,6136.00000
16/03/2090 00:00:00,6415.70000
17/03/2090 00:00:00,6288.20000
18/03/2090 00:00:00,6068.10000
19/03/2090 00:00:00,5694.40000
20/03/2090 00:00:00,5463.00000
21/03/2090 00:00:00,5395.90000
22/03/2090 00:00:00,5074.70000
23/03/2090 00:00:00,4894.80000
24/03/2090 00:00:00,4658.70000
25/03/2090 00:00:00,4223.40000
26/03/2090 00:00:00,4197.90000
27/03/2090 00:00:00,4124.30000
28/03/2090 00:00:00,4274.70000
29/03/2090 00:00:00,4666.60000
30/03/2090 00:00:00,5352.10000
31/03/2090 00:00:00,5577.20000
01/04/2090 00:00:00,5213.70000
02/04/2090 00:00:00,4974.80000
03/04/2090 00:00:00,4810.40000
04/04/2090 00:00:00,4665.30000
05/04/2090 00:00:00,4593.40000
06/04/2090 00:00:00,4637.90000
07/04/2090 00:00:00,4561.00000
08/04/2090 00:00:00,4585.10000
09/04/2090 00:00:00,4941.70000
10/04/2090 00:00:00,5677.20000
11/04/2090 00:00:00,5354.60000
12/04/2090 00:00:00,5472.20000
13/04/2090 00:00:00,5151.80000
14/04/2090 00:00:00,4809.90000
15/04/2090 00:00:00,4742.20000
16/04/2090 00:00:00,4725.70000
17/04/2090 00:00:00,4780.10000
18/04/2090 00:00:00,4808.80000
19/04/2090 00:00:00,4775.80000
20/04/2090 00:00:00,4641.90000
21/04/2090 00:00:00,4664.20000
22/04/2090 00:00:00,4710.80000
23/04/2090 00:00:00,4629.40000
24/04/2090 00:00:00,4529.10000
25/04/2090 00:00:00,4532.00000
26/04/2090 00:00:00,4542.90000
27/04/2090 00:00:00,5474.60000
28/04/2090 00:00:00,5948.70000
29/04/2090 00:00:00,5556.00000
30/04/2090 00:00:00,4954.20000
01/05/2090 00:00:00,4719.50000
02/05/2090 00:00:00,4683.60000
03/05/2090 00:00:00,4625.60000
04/05/2090 00:00:00,4765.30000
05/05/2090 00:00:00,4740.50000
06/05/2090 00:00:00,4699.30000
07/05/2090 00:00:00,4791.90000
08/05/2090 00:00:00,4520.70000
09/05/2090 00:00:00,5070.40000
10/05/2090 00:00:00,5024.50000
11/05/2090 00:00:00,4785.40000
12/05/2090 00:00:00,5052.20000
13/05/2090 00:00:00,5541.70000
14/05/2090 00:00:00,5538.80000
15/05/2090 00:00:00,5510.90000
16/05/2090 00:00:00,5464.50000
17/05/2090 00:00:00,5150.20000
18/05/2090 00:00:00,4974.10000
19/05/2090 00:00:00,5168.30000
20/05/2090 00:00:00,5477.40000
21/05/2090 00:00:00,5233.10000
22/05/2090 00:00:00,4914.90000
23/05/2090 00:00:00,5130.70000
24/05/2090 00:00:00,5280.20000
25/05/2090 00:00:00,5162.70000
26/05/2090 00:00:00,5114.70000
27/05/2090 00:00:00,4925.50000
28/05/2090 00:00:00,4899.30000
29/05/2090 00:00:00,4887.20000
30/05/2090 00:00:00,4998.00000
31/05/2090 00:00:00,4880.10000
01/06/2090 00:00:00,4776.60000
02/06/2090 00:00:00,5031.20000
03/06/2090 00:00:00,4959.00000
04/06/2090 00:00:00,4844.70000
05/06/2090 00:00:00,4715.20000
06/06/2090 00:00:00,4670.40000
07/06/2090 00:00:00,5018.20000
08/06/2090 00:00:00,5104.70000
09/06/2090 00:00:00,5009.20000
10/06/2090 00:00:00,4870.20000
11/06/2090 00:00:00,5036.30000
12/06/2090 00:00:00,4903.60000
13/06/2090 00:00:00,5066.80000
14/06/2090 00:00:00,4930.80000
15/06/2090 00:00:00,4915.10000
16/06/2090 00:00:00,4846.10000
17/06/2090 00:00:00,5134.40000
18/06/2090 00:00:00,4824.40000
19/06/2090 00:00:00,4679.30000
20/06/2090 00:00:00,5045.90000
21/06/2090 00:00:00,4770.50000
22/06/2090 00:00:00,4469.40000
23/06/2090 00:00:00,4535.90000
24/06/2090 00:00:00,4437.90000
25/06/2090 00:00:00,4777.70000
26/06/2090 00:00:00,4687.40000
27/06/2090 00:00:00,4520.70000
28/06/2090 00:00:00,4667.90000
29/06/2090 00:00:00,4861.80000
30/06/2090 00:00:00,5023.50000
01/07/2090 00:00:00,5088.90000
02/07/2090 00:00:00,4918.50000
03/07/2090 00:00:00,4792.20000
04/07/2090 00:00:00,4830.50000
05/07/2090 00:00:00,4921.60000
06/07/2090 00:00:00,4806.90000
07/07/2090 00:00:00,4482.30000
08/07/2090 00:00:00,4494.90000
09/07/2090 00:00:00,4519.90000
10/07/2090 00:00:00,4555.60000
11/07/2090 00:00:00,4612.70000
12/07/2090 00:00:00,4589.80000
13/07/2090 00:00:00,4648.70000
14/07/2090 00:00:00,4758.80000
15/07/2090 00:00:00,4643.90000
16/07/2090 00:00:00,4565.10000
17/07/2090 00:00:00,4800.90000
18/07/2090 00:00:00,4759.90000
19/07/2090 00:00:00,4545.80000
20/07/2090 00:00:00,4639.30000
21/07/2090 00:00:00,4391.00000
22/07/2090 00:00:00,4585.80000
23/07/2090 00:00:00,4560.70000
24/07/2090 00:00:00,4577.20000
25/07/2090 00:00:00,4747.10000
26/07/2090 00:00:00,4788.70000
27/07/2090 00:00:00,4747.30000
28/07/2090 00:00:00,4871.40000
29/07/2090 00:00:00,4796.90000
30/07/2090 00:00:00,4716.60000
31/07/2090 00:00:00,4666.20000
01/08/2090 00:00:00,4478.10000
02/08/2090 00:00:00,4583.30000
03/08/2090 00:00:00,4620.00000
04/08/2090 00:00:00,4596.60000
05/08/2090 00:00:00,4638.40000
06/08/2090 00:00:00,4622.80000
07/08/2090 00:00:00,4548.20000
08/08/2090 00:00:00,4330.70000
09/08/2090 00:00:00,4503.30000
10/08/2090 00:00:00,4550.80000
11/08/2090 00:00:00,4680.50000
12/08/2090 00:00:00,4650.30000
13/08/2090 00:00:00,4734.50000
14/08/2090 00:00:00,4471.00000
15/08/2090 00:00:00,4440.40000
16/08/2090 00:00:00,4510.30000
17/08/2090 00:00:00,4602.20000
18/08/2090 00:00:00,4499.10000
19/08/2090 00:00:00,4496.50000
20/08/2090 00:00:00,4546.60000
21/08/2090 00:00:00,4470.20000
22/08/2090 00:00:00,4524.10000
23/08/2090 00:00:00,4526.20000
24/08/2090 00:00:00,4514.70000
25/08/2090 00:00:00,4459.00000
26/08/2090 00:00:00,4549.40000
27/08/2090 00:00:00,4545.40000
28/08/2090 00:00:00,4497.30000
29/08/2090 00:00:00,4492.70000
30/08/2090 00:00:00,4492.90000
31/08/2090 00:00:00,4467.40000
01/09/2090 00:00:00,4393.10000
02/09/2090 00:00:00,4294.20000
03/09/2090 00:00:00,4416.50000
04/09/2090 00:00:00,4394.10000
05/09/2090 00:00:00,4715.10000
06/09/2090 00:00:00,4545.30000
07/09/2090 00:00:00,4543.70000
08/09/2090 00:00:00,4278.10000
09/09/2090 00:00:00,4684.30000
10/09/2090 00:00:00,4870.70000
11/09/2090 00:00:00,4747.10000
12/09/2090 00:00:00,4676.00000
13/09/2090 00:00:00,4852.10000
14/09/2090 00:00:00,4633.00000
15/09/2090 00:00:00,4774.50000
16/09/2090 00:00:00,4629.10000
17/09/2090 00:00:00,4765.70000
18/09/2090 00:00:00,4802.80000
19/09/2090 00:00:00,4717.70000
20/09/2090 00:00:00,4782.50000
21/09/2090 00:00:00,4683.10000
22/09/2090 00:00:00,4542.90000
23/09/2090 00:00:00,4686.50000
24/09/2090 00:00:00,4518.20000
25/09/2090 00:00:00,4320.60000
26/09/2090 00:00:00,4847.00000
27/09/2090 00:00:00,4600.50000
28/09/2090 00:00:00,4649.50000
29/09/2090 00:00:00,5010.70000
30/09/2090 00:00:00,4681.90000
01/10/2090 00:00:00,4725.10000
02/10/2090 00:00:00,4874.40000
03/10/2090 00:00:00,5018.90000
04/10/2090 00:00:00,4904.20000
05/10/2090 00:00:00,4945.50000
06/10/2090 00:00:00,4953.70000
07/10/2090 00:00:00,4927.90000
08/10/2090 00:00:00,4946.20000
09/10/2090 00:00:00,4867.10000
10/10/2090 00:00:00,4790.50000
11/10/2090 00:00:00,4762.50000
12/10/2090 00:00:00,4713.60000
13/10/2090 00:00:00,4639.60000
14/10/2090 00:00:00,4659.00000
15/10/2090 00:00:00,4890.10000
16/10/2090 00:00:00,4828.50000
17/10/2090 00:00:00,4731.70000
18/10/2090 00:00:00,4746.40000
19/10/2090 00:00:00,4622.60000
20/10/2090 00:00:00,4644.20000
21/10/2090 00:00:00,4617.90000
22/10/2090 00:00:00,4856.90000
23/10/2090 00:00:00,4737.30000
24/10/2090 00:00:00,4712.80000
25/10/2090 00:00:00,4622.50000
26/10/2090 00:00:00,4547.30000
27/10/2090 00:00:00,4387.30000
28/10/2090 00:00:00,4135.80000
29/10/2090 00:00:00,4950.70000
30/10/2090 00:00:00,4854.40000
31/10/2090 00:00:00,4686.50000
01/11/2090 00:00:00,4773.60000
02/11/2090 00:00:00,4744.20000
03/11/2090 00:00:00,4597.80000
04/11/2090 00:00:00,4691.40000
05/11/2090 00:00:00,4813.70000
06/11/2090 00:00:00,4851.40000
07/11/2090 00:00:00,4570.40000
08/11/2090 00:00:00,4557.20000
09/11/2090 00:00:00,4739.50000
10/11/2090 00:00:00,4641.20000
11/11/2090 00:00:00,4540.00000
12/11/2090 00:00:00,4638.50000
13/11/2090 00:00:00,4684.30000
14/11/2090 00:00:00,4682.60000
15/11/2090 00:00:00,4685.90000
16/11/2090 00:00:00,4705.50000
17/11/2090 00:00:00,4760.90000
18/11/2090 00:00:00,5043.70000
19/11/2090 00:00:00,4856.00000
20/11/2090 00:00:00,4538.30000
21/11/2090 00:00:00,4420.00000
22/11/2090 00:00:00,4272.80000
23/11/2090 00:00:00,4784.80000
24/11/2090 00:00:00,4195.30000
25/11/2090 00:00:00,4863.90000
26/11/2090 00:00:00,4644.10000
27/11/2090 00:00:00,4880.70000
28/11/2090 00:00:00,5137.60000
29/11/2090 00:00:00,5002.60000
30/11/2090 00:00:00,4733.10000
01/12/2090 00:00:00,4622.50000
02/12/2090 00:00:00,4943.80000
03/12/2090 00:00:00,4814.70000
04/12/2090 00:00:00,4866.40000
05/12/2090 00:00:00,4807.50000
06/12/2090 00:00:00,4940.50000
07/12/2090 00:00:00,4971.80000
08/12/2090 00:00:00,4843.90000
09/12/2090 00:00:00,4709.10000
10/12/2090 00:00:00,4456.50000
11/12/2090 00:00:00,4343.10000
12/12/2090 00:00:00,4506.00000
13/12/2090 00:00:00,4693.50000
14/12/2090 00:00:00,5051.30000
15/12/2090 00:00:00,4868.90000
16/12/2090 00:00:00,4402.70000
17/12/2090 00:00:00,4478.00000
18/12/2090 00:00:00,4584.70000
19/12/2090 00:00:00,4282.70000
20/12/2090 00:00:00,4183.70000
21/12/2090 00:00:00,4445.00000
22/12/2090 00:00:00,4444.50000
23/12/2090 00:00:00,4483.60000
24/12/2090 00:00:00,4670.20000
25/12/2090 00:00:00,4569.50000
26/12/2090 00:00:00,4543.30000
27/12/2090 00:00:00,4590.90000
28/12/2090 00:00:00,4516.50000
29/12/2090 00:00:00,4369.00000
30/12/2090 00:00:00,4181.80000
31/12/2090 00:00:00,3989.80000
01/01/2091 00:00:00,4053.90000
02/01/2091 00:00:00,4442.70000
03/01/2091 00:00:00,5303.30000
04/01/2091 00:00:00,5088.70000
05/01/2091 00:00:00,4807.80000
06/01/2091 00:00:00,4678.50000
07/01/2091 00:00:00,4458.60000
08/01/2091 00:00:00,4551.50000
09/01/2091 00:00:00,4480.80000
10/01/2091 00:00:00,4281.30000
11/01/2091 00:00:00,4530.30000
12/01/2091 00:00:00,4245.90000
13/01/2091 00:00:00,4231.60000
14/01/2091 00:00:00,5091.50000
15/01/2091 00:00:00,4270.10000
16/01/2091 00:00:00,4082.80000
17/01/2091 00:00:00,3984.80000
18/01/2091 00:00:00,4455.20000
19/01/2091 00:00:00,4489.50000
20/01/2091 00:00:00,4399.00000
21/01/2091 00:00:00,4378.80000
22/01/2091 00:00:00,4292.10000
23/01/2091 00:00:00,4052.70000
24/01/2091 00:00:00,3956.40000
25/01/2091 00:00:00,4724.80000
26/01/2091 00:00:00,4373.30000
27/01/2091 00:00:00,4185.10000
28/01/2091 00:00:00,4551.30000
29/01/2091 00:00:00,4408.50000
30/01/2091 00:00:00,4573.70000
31/01/2091 00:00:00,4132.60000
01/02/2091 00:00:00,4130.20000
02/02/2091 00:00:00,4517.90000
03/02/2091 00:00:00,4516.50000
04/02/2091 00:00:00,4490.10000
05/02/2091 00:00:00,4515.70000
06/02/2091 00:00:00,4542.30000
07/02/2091 00:00:00,4517.40000
08/02/2091 00:00:00,4688.00000
09/02/2091 00:00:00,4541.10000
10/02/2091 00:00:00,4590.70000
11/02/2091 00:00:00,4402.50000
12/02/2091 00:00:00,4977.40000
13/02/2091 00:00:00,4756.90000
14/02/2091 00:00:00,4486.60000
15/02/2091 00:00:00,4111.10000
16/02/2091 00:00:00,4145.60000
17/02/2091 00:00:00,4273.70000
18/02/2091 00:00:00,4562.30000
19/02/2091 00:00:00,5245.80000
20/02/2091 00:00:00,5786.40000
21/02/2091 00:00:00,5679.30000
22/02/2091 00:00:00,5352.40000
23/02/2091 00:00:00,5083.20000
24/02/2091 00:00:00,4987.60000
25/02/2091 00:00:00,5043.20000
26/02/2091 00:00:00,5111.40000
27/02/2091 00:00:00,4512.10000
28/02/2091 00:00:00,4554.20000
01/03/2091 00:00:00,5397.20000
02/03/2091 00:00:00,6294.20000
03/03/2091 00:00:00,6669.40000
04/03/2091 00:00:00,6112.00000
05/03/2091 00:00:00,6075.70000
06/03/2091 00:00:00,5926.50000
07/03/2091 00:00:00,6191.90000
08/03/2091 00:00:00,5673.70000
09/03/2091 00:00:00,5539.00000
10/03/2091 00:00:00,5694.70000
11/03/2091 00:00:00,6359.60000
12/03/2091 00:00:00,5772.90000
13/03/2091 00:00:00,5784.00000
14/03/2091 00:00:00,5390.30000
15/03/2091 00:00:00,5236.70000
16/03/2091 00:00:00,4984.20000
17/03/2091 00:00:00,4851.60000
18/03/2091 00:00:00,4984.30000
19/03/2091 00:00:00,4828.70000
20/03/2091 00:00:00,4826.30000
21/03/2091 00:00:00,4769.10000
22/03/2091 00:00:00,4563.40000
23/03/2091 00:00:00,4450.90000
24/03/2091 00:00:00,4476.70000
25/03/2091 00:00:00,4473.10000
26/03/2091 00:00:00,4535.00000
27/03/2091 00:00:00,4549.50000
28/03/2091 00:00:00,4822.40000
29/03/2091 00:00:00,4232.00000
30/03/2091 00:00:00,4539.60000
31/03/2091 00:00:00,4548.70000
01/04/2091 00:00:00,4155.90000
02/04/2091 00:00:00,4781.50000
03/04/2091 00:00:00,4528.80000
04/04/2091 00:00:00,4607.20000
05/04/2091 00:00:00,4540.00000
06/04/2091 00:00:00,4996.80000
07/04/2091 00:00:00,5242.50000
08/04/2091 00:00:00,5114.50000
09/04/2091 00:00:00,4881.40000
10/04/2091 00:00:00,4894.80000
11/04/2091 00:00:00,4797.80000
12/04/2091 00:00:00,4818.50000
13/04/2091 00:00:00,4787.80000
14/04/2091 00:00:00,4598.10000
15/04/2091 00:00:00,4512.10000
16/04/2091 00:00:00,4307.00000
17/04/2091 00:00:00,4274.70000
18/04/2091 00:00:00,3811.20000
19/04/2091 00:00:00,4607.90000
20/04/2091 00:00:00,4418.60000
21/04/2091 00:00:00,5059.10000
22/04/2091 00:00:00,5548.90000
23/04/2091 00:00:00,5723.60000
24/04/2091 00:00:00,5846.20000
25/04/2091 00:00:00,5966.90000
26/04/2091 00:00:00,5643.50000
27/04/2091 00:00:00,5790.80000
28/04/2091 00:00:00,5964.20000
29/04/2091 00:00:00,6107.50000
30/04/2091 00:00:00,6001.30000
01/05/2091 00:00:00,5726.90000
02/05/2091 00:00:00,5052.80000
03/05/2091 00:00:00,5158.50000
04/05/2091 00:00:00,5269.10000
05/05/2091 00:00:00,5255.70000
06/05/2091 00:00:00,5033.70000
07/05/2091 00:00:00,4862.50000
08/05/2091 00:00:00,4705.50000
09/05/2091 00:00:00,4577.20000
10/05/2091 00:00:00,4436.00000
11/05/2091 00:00:00,4344.50000
12/05/2091 00:00:00,4659.90000
13/05/2091 00:00:00,4447.10000
14/05/2091 00:00:00,4601.80000
15/05/2091 00:00:00,4753.50000
16/05/2091 00:00:00,5286.50000
17/05/2091 00:00:00,5861.00000
18/05/2091 00:00:00,5773.50000
19/05/2091 00:00:00,5394.00000
20/05/2091 00:00:00,5583.00000
21/05/2091 00:00:00,5584.90000
22/05/2091 00:00:00,5208.90000
23/05/2091 00:00:00,4814.70000
24/05/2091 00:00:00,4518.00000
25/05/2091 00:00:00,4780.70000
26/05/2091 00:00:00,4753.00000
27/05/2091 00:00:00,6477.30000
28/05/2091 00:00:00,7302.90000
29/05/2091 00:00:00,6951.40000
30/05/2091 00:00:00,6663.70000
31/05/2091 00:00:00,6333.90000
01/06/2091 00:00:00,5426.50000
02/06/2091 00:00:00,5255.20000
03/06/2091 00:00:00,5085.00000
04/06/2091 00:00:00,4808.00000
05/06/2091 00:00:00,4843.30000
06/06/2091 00:00:00,4665.90000
07/06/2091 00:00:00,4498.60000
08/06/2091 00:00:00,4330.40000
09/06/2091 00:00:00,4289.50000
10/06/2091 00:00:00,4498.20000
11/06/2091 00:00:00,4089.90000
12/06/2091 00:00:00,4460.50000
13/06/2091 00:00:00,4509.20000
14/06/2091 00:00:00,4550.50000
15/06/2091 00:00:00,4763.10000
16/06/2091 00:00:00,4585.60000
17/06/2091 00:00:00,4855.10000
18/06/2091 00:00:00,4942.20000
19/06/2091 00:00:00,4718.30000
20/06/2091 00:00:00,4615.30000
21/06/2091 00:00:00,4807.00000
22/06/2091 00:00:00,4530.70000
23/06/2091 00:00:00,4451.00000
24/06/2091 00:00:00,4461.40000
25/06/2091 00:00:00,4614.80000
26/06/2091 00:00:00,4548.10000
27/06/2091 00:00:00,4568.10000
28/06/2091 00:00:00,4217.30000
29/06/2091 00:00:00,4446.10000
30/06/2091 00:00:00,4606.90000
01/07/2091 00:00:00,4695.40000
02/07/2091 00:00:00,4428.20000
03/07/2091 00:00:00,4332.10000
04/07/2091 00:00:00,4472.40000
05/07/2091 00:00:00,4429.00000
06/07/2091 00:00:00,4398.30000
07/07/2091 00:00:00,4611.90000
08/07/2091 00:00:00,4365.30000
09/07/2091 00:00:00,4482.30000
10/07/2091 00:00:00,4552.90000
11/07/2091 00:00:00,4382.00000
12/07/2091 00:00:00,4386.60000
13/07/2091 00:00:00,4515.60000
14/07/2091 00:00:00,4436.20000
15/07/2091 00:00:00,4274.20000
16/07/2091 00:00:00,4254.60000
17/07/2091 00:00:00,4297.30000
18/07/2091 00:00:00,4334.30000
19/07/2091 00:00:00,4449.70000
20/07/2091 00:00:00,4444.90000
21/07/2091 00:00:00,4454.50000
22/07/2091 00:00:00,4540.70000
23/07/2091 00:00:00,4476.60000
24/07/2091 00:00:00,4600.60000
25/07/2091 00:00:00,4682.00000
26/07/2091 00:00:00,4628.60000
27/07/2091 00:00:00,4643.70000
28/07/2091 00:00:00,4565.20000
29/07/2091 00:00:00,4649.70000
30/07/2091 00:00:00,4591.50000
31/07/2091 00:00:00,4471.70000
01/08/2091 00:00:00,4398.30000
02/08/2091 00:00:00,4485.00000
03/08/2091 00:00:00,4330.60000
04/08/2091 00:00:00,4287.10000
05/08/2091 00:00:00,4261.00000
06/08/2091 00:00:00,4225.80000
07/08/2091 00:00:00,4362.60000
08/08/2091 00:00:00,4516.80000
09/08/2091 00:00:00,4400.90000
10/08/2091 00:00:00,4367.80000
11/08/2091 00:00:00,4534.70000
12/08/2091 00:00:00,4412.40000
13/08/2091 00:00:00,4299.10000
14/08/2091 00:00:00,4295.50000
15/08/2091 00:00:00,4402.60000
16/08/2091 00:00:00,4449.20000
17/08/2091 00:00:00,4435.60000
18/08/2091 00:00:00,4435.70000
19/08/2091 00:00:00,4373.20000
20/08/2091 00:00:00,4386.60000
21/08/2091 00:00:00,4310.60000
22/08/2091 00:00:00,4527.70000
23/08/2091 00:00:00,4499.40000
24/08/2091 00:00:00,4281.20000
25/08/2091 00:00:00,3983.20000
26/08/2091 00:00:00,4488.60000
27/08/2091 00:00:00,4332.60000
28/08/2091 00:00:00,4380.20000
29/08/2091 00:00:00,4523.60000
30/08/2091 00:00:00,4396.00000
31/08/2091 00:00:00,4382.00000
01/09/2091 00:00:00,4311.90000
02/09/2091 00:00:00,4384.10000
03/09/2091 00:00:00,4282.10000
04/09/2091 00:00:00,4207.20000
05/09/2091 00:00:00,4339.10000
06/09/2091 00:00:00,4481.40000
07/09/2091 00:00:00,4409.50000
08/09/2091 00:00:00,4559.10000
09/09/2091 00:00:00,4714.20000
10/09/2091 00:00:00,4891.80000
11/09/2091 00:00:00,4861.50000
12/09/2091 00:00:00,4669.50000
13/09/2091 00:00:00,4618.50000
14/09/2091 00:00:00,4487.50000
15/09/2091 00:00:00,4693.70000
16/09/2091 00:00:00,4830.80000
17/09/2091 00:00:00,4542.60000
18/09/2091 00:00:00,4488.80000
19/09/2091 00:00:00,4460.20000
20/09/2091 00:00:00,4315.10000
21/09/2091 00:00:00,4451.90000
22/09/2091 00:00:00,4211.20000
23/09/2091 00:00:00,4476.10000
24/09/2091 00:00:00,4663.60000
25/09/2091 00:00:00,4658.20000
26/09/2091 00:00:00,4676.90000
27/09/2091 00:00:00,4708.80000
28/09/2091 00:00:00,5011.80000
29/09/2091 00:00:00,4856.40000
30/09/2091 00:00:00,4979.20000
01/10/2091 00:00:00,5542.10000
02/10/2091 00:00:00,5465.90000
03/10/2091 00:00:00,5079.70000
04/10/2091 00:00:00,5154.00000
05/10/2091 00:00:00,4872.10000
06/10/2091 00:00:00,4599.70000
07/10/2091 00:00:00,4330.80000
08/10/2091 00:00:00,4337.20000
09/10/2091 00:00:00,4251.20000
10/10/2091 00:00:00,4239.20000
11/10/2091 00:00:00,4166.80000
12/10/2091 00:00:00,4133.40000
13/10/2091 00:00:00,4029.60000
14/10/2091 00:00:00,4222.50000
15/10/2091 00:00:00,4506.20000
16/10/2091 00:00:00,4693.70000
17/10/2091 00:00:00,4393.70000
18/10/2091 00:00:00,4538.90000
19/10/2091 00:00:00,4321.50000
20/10/2091 00:00:00,4587.60000
21/10/2091 00:00:00,5313.10000
22/10/2091 00:00:00,6289.30000
23/10/2091 00:00:00,5962.00000
24/10/2091 00:00:00,5604.00000
25/10/2091 00:00:00,5429.10000
26/10/2091 00:00:00,5175.00000
27/10/2091 00:00:00,5156.10000
28/10/2091 00:00:00,5143.50000
29/10/2091 00:00:00,5167.20000
30/10/2091 00:00:00,5073.20000
31/10/2091 00:00:00,4886.30000
01/11/2091 00:00:00,4724.10000
02/11/2091 00:00:00,4788.10000
03/11/2091 00:00:00,4630.50000
04/11/2091 00:00:00,4882.70000
05/11/2091 00:00:00,4783.50000
06/11/2091 00:00:00,4567.60000
07/11/2091 00:00:00,4533.20000
08/11/2091 00:00:00,4526.80000
09/11/2091 00:00:00,4543.80000
10/11/2091 00:00:00,4138.00000
11/11/2091 00:00:00,4781.50000
12/11/2091 00:00:00,4583.20000
13/11/2091 00:00:00,4282.80000
14/11/2091 00:00:00,4010.90000
15/11/2091 00:00:00,4523.80000
16/11/2091 00:00:00,4798.70000
17/11/2091 00:00:00,5302.30000
18/11/2091 00:00:00,5498.90000
19/11/2091 00:00:00,4583.10000
20/11/2091 00:00:00,4522.20000
21/11/2091 00:00:00,4625.10000
22/11/2091 00:00:00,4648.20000
23/11/2091 00:00:00,4511.40000
24/11/2091 00:00:00,5685.10000
25/11/2091 00:00:00,5930.70000
26/11/2091 00:00:00,5315.40000
27/11/2091 00:00:00,5028.60000
28/11/2091 00:00:00,4993.80000
29/11/2091 00:00:00,5430.80000
30/11/2091 00:00:00,6796.30000
01/12/2091 00:00:00,8043.70000
02/12/2091 00:00:00,7865.00000
03/12/2091 00:00:00,7593.90000
04/12/2091 00:00:00,6516.80000
05/12/2091 00:00:00,5816.00000
06/12/2091 00:00:00,6210.30000
07/12/2091 00:00:00,6888.70000
08/12/2091 00:00:00,6759.90000
09/12/2091 00:00:00,6540.70000
10/12/2091 00:00:00,6019.50000
11/12/2091 00:00:00,5484.90000
12/12/2091 00:00:00,4884.10000
13/12/2091 00:00:00,4798.60000
14/12/2091 00:00:00,4728.00000
15/12/2091 00:00:00,4477.50000
16/12/2091 00:00:00,4808.00000
17/12/2091 00:00:00,5810.50000
18/12/2091 00:00:00,5558.30000
19/12/2091 00:00:00,5255.60000
20/12/2091 00:00:00,5098.10000
21/12/2091 00:00:00,4862.20000
22/12/2091 00:00:00,5086.40000
23/12/2091 00:00:00,5424.50000
24/12/2091 00:00:00,5619.10000
25/12/2091 00:00:00,5029.00000
26/12/2091 00:00:00,5081.60000
27/12/2091 00:00:00,4644.10000
28/12/2091 00:00:00,4567.70000
29/12/2091 00:00:00,5148.50000
30/12/2091 00:00:00,4420.60000
31/12/2091 00:00:00,4548.50000
01/01/2092 00:00:00,4882.50000
02/01/2092 00:00:00,4673.30000
03/01/2092 00:00:00,5368.70000
04/01/2092 00:00:00,4902.10000
05/01/2092 00:00:00,4660.00000
06/01/2092 00:00:00,4535.90000
07/01/2092 00:00:00,4398.00000
08/01/2092 00:00:00,4595.90000
09/01/2092 00:00:00,4533.20000
10/01/2092 00:00:00,4353.90000
11/01/2092 00:00:00,4604.30000
12/01/2092 00:00:00,4335.50000
13/01/2092 00:00:00,4356.10000
14/01/2092 00:00:00,5251.60000
15/01/2092 00:00:00,4480.30000
16/01/2092 00:00:00,4247.10000
17/01/2092 00:00:00,4102.20000
18/01/2092 00:00:00,4707.40000
19/01/2092 00:00:00,5335.70000
20/01/2092 00:00:00,5214.50000
21/01/2092 00:00:00,4912.50000
22/01/2092 00:00:00,4637.90000
23/01/2092 00:00:00,4243.00000
24/01/2092 00:00:00,4279.40000
25/01/2092 00:00:00,5476.70000
26/01/2092 00:00:00,5171.60000
27/01/2092 00:00:00,4811.00000
28/01/2092 00:00:00,5412.40000
29/01/2092 00:00:00,5436.00000
30/01/2092 00:00:00,5505.20000
31/01/2092 00:00:00,4863.40000
01/02/2092 00:00:00,4608.00000
02/02/2092 00:00:00,4884.90000
03/02/2092 00:00:00,4910.50000
04/02/2092 00:00:00,4862.70000
05/02/2092 00:00:00,4789.10000
06/02/2092 00:00:00,4805.50000
07/02/2092 00:00:00,4847.50000
08/02/2092 00:00:00,5008.10000
09/02/2092 00:00:00,4773.50000
10/02/2092 00:00:00,4752.10000
11/02/2092 00:00:00,4519.30000
12/02/2092 00:00:00,5065.20000
13/02/2092 00:00:00,4811.60000
14/02/2092 00:00:00,4532.30000
15/02/2092 00:00:00,4117.40000
16/02/2092 00:00:00,4139.00000
17/02/2092 00:00:00,4267.50000
18/02/2092 00:00:00,4407.80000
19/02/2092 00:00:00,4566.30000
20/02/2092 00:00:00,4627.40000
21/02/2092 00:00:00,4508.40000
22/02/2092 00:00:00,4304.80000
23/02/2092 00:00:00,4357.30000
24/02/2092 00:00:00,4473.40000
25/02/2092 00:00:00,4851.20000
26/02/2092 00:00:00,5078.90000
27/02/2092 00:00:00,4535.40000
28/02/2092 00:00:00,4564.00000
29/02/2092 00:00:00,4468.90000
01/03/2092 00:00:00,4489.30000
02/03/2092 00:00:00,5023.80000
03/03/2092 00:00:00,4598.30000
04/03/2092 00:00:00,5394.40000
05/03/2092 00:00:00,5488.20000
06/03/2092 00:00:00,5055.10000
07/03/2092 00:00:00,4370.30000
08/03/2092 00:00:00,4304.30000
09/03/2092 00:00:00,4618.40000
10/03/2092 00:00:00,5063.40000
11/03/2092 00:00:00,4509.60000
12/03/2092 00:00:00,4536.40000
13/03/2092 00:00:00,4392.00000
14/03/2092 00:00:00,4692.00000
15/03/2092 00:00:00,4710.10000
16/03/2092 00:00:00,4636.20000
17/03/2092 00:00:00,4754.50000
18/03/2092 00:00:00,4535.50000
19/03/2092 00:00:00,4420.20000
20/03/2092 00:00:00,4505.80000
21/03/2092 00:00:00,4394.70000
22/03/2092 00:00:00,4308.60000
23/03/2092 00:00:00,4317.40000
24/03/2092 00:00:00,4278.10000
25/03/2092 00:00:00,4542.70000
26/03/2092 00:00:00,4859.20000
27/03/2092 00:00:00,5046.90000
28/03/2092 00:00:00,4375.30000
29/03/2092 00:00:00,4637.20000
30/03/2092 00:00:00,4579.40000
31/03/2092 00:00:00,4173.40000
01/04/2092 00:00:00,4788.80000
02/04/2092 00:00:00,4504.90000
03/04/2092 00:00:00,4552.20000
04/04/2092 00:00:00,4404.10000
05/04/2092 00:00:00,4572.30000
06/04/2092 00:00:00,4667.10000
07/04/2092 00:00:00,4582.60000
08/04/2092 00:00:00,4401.80000
09/04/2092 00:00:00,4427.20000
10/04/2092 00:00:00,4388.00000
11/04/2092 00:00:00,4486.10000
12/04/2092 00:00:00,4513.60000
13/04/2092 00:00:00,4366.20000
14/04/2092 00:00:00,4309.70000
15/04/2092 00:00:00,4168.60000
16/04/2092 00:00:00,4144.10000
17/04/2092 00:00:00,3665.50000
18/04/2092 00:00:00,4472.70000
19/04/2092 00:00:00,4233.60000
20/04/2092 00:00:00,4335.60000
21/04/2092 00:00:00,4381.00000
22/04/2092 00:00:00,4648.80000
23/04/2092 00:00:00,4697.30000
24/04/2092 00:00:00,4962.90000
25/04/2092 00:00:00,4770.60000
26/04/2092 00:00:00,4379.60000
27/04/2092 00:00:00,4552.70000
28/04/2092 00:00:00,4551.70000
29/04/2092 00:00:00,4426.20000
30/04/2092 00:00:00,4500.90000
01/05/2092 00:00:00,4186.40000
02/05/2092 00:00:00,4411.50000
03/05/2092 00:00:00,4253.80000
04/05/2092 00:00:00,4244.70000
05/05/2092 00:00:00,4502.60000
06/05/2092 00:00:00,4441.40000
07/05/2092 00:00:00,4462.60000
08/05/2092 00:00:00,4415.40000
09/05/2092 00:00:00,4643.10000
10/05/2092 00:00:00,4628.00000
11/05/2092 00:00:00,4624.00000
12/05/2092 00:00:00,4407.10000
13/05/2092 00:00:00,4349.50000
14/05/2092 00:00:00,4239.00000
15/05/2092 00:00:00,4216.10000
16/05/2092 00:00:00,4185.20000
17/05/2092 00:00:00,4342.10000
18/05/2092 00:00:00,4091.50000
19/05/2092 00:00:00,4115.40000
20/05/2092 00:00:00,4350.10000
21/05/2092 00:00:00,4128.10000
22/05/2092 00:00:00,4366.20000
23/05/2092 00:00:00,4316.10000
24/05/2092 00:00:00,4122.90000
25/05/2092 00:00:00,4167.00000
26/05/2092 00:00:00,4333.10000
27/05/2092 00:00:00,4258.50000
28/05/2092 00:00:00,4092.70000
29/05/2092 00:00:00,4238.30000
30/05/2092 00:00:00,4404.10000
31/05/2092 00:00:00,4360.60000
01/06/2092 00:00:00,4312.40000
02/06/2092 00:00:00,4299.70000
03/06/2092 00:00:00,4201.10000
04/06/2092 00:00:00,4390.00000
05/06/2092 00:00:00,4315.10000
06/06/2092 00:00:00,4384.60000
07/06/2092 00:00:00,4448.90000
08/06/2092 00:00:00,4466.70000
09/06/2092 00:00:00,4368.20000
10/06/2092 00:00:00,4290.60000
11/06/2092 00:00:00,4192.70000
12/06/2092 00:00:00,4070.00000
13/06/2092 00:00:00,4311.00000
14/06/2092 00:00:00,4066.30000
15/06/2092 00:00:00,4064.10000
16/06/2092 00:00:00,4208.60000
17/06/2092 00:00:00,4232.10000
18/06/2092 00:00:00,4116.80000
19/06/2092 00:00:00,4105.20000
20/06/2092 00:00:00,4233.20000
21/06/2092 00:00:00,4217.60000
22/06/2092 00:00:00,4233.20000
23/06/2092 00:00:00,4303.10000
24/06/2092 00:00:00,4110.50000
25/06/2092 00:00:00,4276.90000
26/06/2092 00:00:00,4398.90000
27/06/2092 00:00:00,4301.10000
28/06/2092 00:00:00,4393.50000
29/06/2092 00:00:00,4463.70000
30/06/2092 00:00:00,4487.90000
01/07/2092 00:00:00,4220.90000
02/07/2092 00:00:00,4196.80000
03/07/2092 00:00:00,4195.80000
04/07/2092 00:00:00,4124.60000
05/07/2092 00:00:00,4323.40000
06/07/2092 00:00:00,4274.10000
07/07/2092 00:00:00,4318.40000
08/07/2092 00:00:00,4484.40000
09/07/2092 00:00:00,4313.80000
10/07/2092 00:00:00,4238.90000
11/07/2092 00:00:00,4382.40000
12/07/2092 00:00:00,4236.80000
13/07/2092 00:00:00,4214.10000
14/07/2092 00:00:00,4215.50000
15/07/2092 00:00:00,4165.30000
16/07/2092 00:00:00,4119.50000
17/07/2092 00:00:00,4121.60000
18/07/2092 00:00:00,4167.40000
19/07/2092 00:00:00,4171.90000
20/07/2092 00:00:00,4136.00000
21/07/2092 00:00:00,4148.40000
22/07/2092 00:00:00,4231.00000
23/07/2092 00:00:00,4229.50000
24/07/2092 00:00:00,4279.20000
25/07/2092 00:00:00,4356.90000
26/07/2092 00:00:00,4014.20000
27/07/2092 00:00:00,4306.50000
28/07/2092 00:00:00,4139.60000
29/07/2092 00:00:00,4318.60000
30/07/2092 00:00:00,4169.50000
31/07/2092 00:00:00,4184.80000
01/08/2092 00:00:00,4301.40000
02/08/2092 00:00:00,4179.70000
03/08/2092 00:00:00,4153.70000
04/08/2092 00:00:00,4152.20000
05/08/2092 00:00:00,3982.90000
06/08/2092 00:00:00,4234.10000
07/08/2092 00:00:00,4066.30000
08/08/2092 00:00:00,4075.00000
09/08/2092 00:00:00,4201.20000
10/08/2092 00:00:00,4095.50000
11/08/2092 00:00:00,4182.50000
12/08/2092 00:00:00,4435.10000
13/08/2092 00:00:00,4430.10000
14/08/2092 00:00:00,4244.30000
15/08/2092 00:00:00,4284.60000
16/08/2092 00:00:00,4365.70000
17/08/2092 00:00:00,4188.90000
18/08/2092 00:00:00,4587.70000
19/08/2092 00:00:00,4269.10000
20/08/2092 00:00:00,4331.50000
21/08/2092 00:00:00,4400.40000
22/08/2092 00:00:00,4301.00000
23/08/2092 00:00:00,4248.30000
24/08/2092 00:00:00,4173.40000
25/08/2092 00:00:00,4123.80000
26/08/2092 00:00:00,4050.60000
27/08/2092 00:00:00,3929.80000
28/08/2092 00:00:00,4167.30000
29/08/2092 00:00:00,4145.80000
30/08/2092 00:00:00,3937.70000
31/08/2092 00:00:00,3959.60000
01/09/2092 00:00:00,4156.80000
02/09/2092 00:00:00,4103.70000
03/09/2092 00:00:00,4015.50000
04/09/2092 00:00:00,4000.30000
05/09/2092 00:00:00,4119.50000
06/09/2092 00:00:00,4016.20000
07/09/2092 00:00:00,4156.50000
08/09/2092 00:00:00,3972.90000
09/09/2092 00:00:00,4414.30000
10/09/2092 00:00:00,4162.40000
11/09/2092 00:00:00,4178.50000
12/09/2092 00:00:00,4159.50000
13/09/2092 00:00:00,4114.60000
14/09/2092 00:00:00,4074.00000
15/09/2092 00:00:00,4209.40000
16/09/2092 00:00:00,4279.80000
17/09/2092 00:00:00,4230.40000
18/09/2092 00:00:00,4252.30000
19/09/2092 00:00:00,4457.20000
20/09/2092 00:00:00,4054.20000
21/09/2092 00:00:00,3996.70000
22/09/2092 00:00:00,4254.10000
23/09/2092 00:00:00,4344.80000
24/09/2092 00:00:00,4288.80000
25/09/2092 00:00:00,4178.20000
26/09/2092 00:00:00,4307.40000
27/09/2092 00:00:00,4485.10000
28/09/2092 00:00:00,4280.10000
29/09/2092 00:00:00,4366.00000
30/09/2092 00:00:00,4524.40000
01/10/2092 00:00:00,4607.80000
02/10/2092 00:00:00,4161.10000
03/10/2092 00:00:00,4452.30000
04/10/2092 00:00:00,4375.30000
05/10/2092 00:00:00,4305.70000
06/10/2092 00:00:00,4349.20000
07/10/2092 00:00:00,4513.00000
08/10/2092 00:00:00,4361.80000
09/10/2092 00:00:00,4211.90000
10/10/2092 00:00:00,4022.30000
11/10/2092 00:00:00,4276.70000
12/10/2092 00:00:00,4046.80000
13/10/2092 00:00:00,4323.00000
14/10/2092 00:00:00,4122.50000
15/10/2092 00:00:00,4006.80000
16/10/2092 00:00:00,4395.10000
17/10/2092 00:00:00,4287.60000
18/10/2092 00:00:00,4145.20000
19/10/2092 00:00:00,3903.80000
20/10/2092 00:00:00,3970.90000
21/10/2092 00:00:00,4528.90000
22/10/2092 00:00:00,4393.70000
23/10/2092 00:00:00,4228.80000
24/10/2092 00:00:00,4235.50000
25/10/2092 00:00:00,4154.10000
26/10/2092 00:00:00,4079.60000
27/10/2092 00:00:00,4332.40000
28/10/2092 00:00:00,4483.70000
29/10/2092 00:00:00,4795.80000
30/10/2092 00:00:00,5361.20000
31/10/2092 00:00:00,5920.60000
01/11/2092 00:00:00,5481.30000
02/11/2092 00:00:00,5195.90000
03/11/2092 00:00:00,5109.80000
04/11/2092 00:00:00,4780.40000
05/11/2092 00:00:00,4581.90000
06/11/2092 00:00:00,4445.40000
07/11/2092 00:00:00,4285.80000
08/11/2092 00:00:00,4326.00000
09/11/2092 00:00:00,4415.70000
10/11/2092 00:00:00,4357.00000
11/11/2092 00:00:00,4084.30000
12/11/2092 00:00:00,3927.90000
13/11/2092 00:00:00,4105.50000
14/11/2092 00:00:00,4357.70000
15/11/2092 00:00:00,4012.50000
16/11/2092 00:00:00,4288.60000
17/11/2092 00:00:00,4289.60000
18/11/2092 00:00:00,4336.50000
19/11/2092 00:00:00,4183.70000
20/11/2092 00:00:00,4296.20000
21/11/2092 00:00:00,4237.20000
22/11/2092 00:00:00,4231.40000
23/11/2092 00:00:00,4066.20000
24/11/2092 00:00:00,4309.70000
25/11/2092 00:00:00,4347.20000
26/11/2092 00:00:00,4055.80000
27/11/2092 00:00:00,4125.80000
28/11/2092 00:00:00,4080.10000
29/11/2092 00:00:00,4130.20000
30/11/2092 00:00:00,4122.00000
01/12/2092 00:00:00,4072.70000
02/12/2092 00:00:00,4049.40000
03/12/2092 00:00:00,4106.10000
04/12/2092 00:00:00,4041.60000
05/12/2092 00:00:00,4059.20000
06/12/2092 00:00:00,4387.20000
07/12/2092 00:00:00,4075.90000
08/12/2092 00:00:00,4215.10000
09/12/2092 00:00:00,4343.40000
10/12/2092 00:00:00,4165.50000
11/12/2092 00:00:00,4510.90000
12/12/2092 00:00:00,4399.00000
13/12/2092 00:00:00,4322.60000
14/12/2092 00:00:00,4094.20000
15/12/2092 00:00:00,4191.10000
16/12/2092 00:00:00,3914.20000
17/12/2092 00:00:00,4063.40000
18/12/2092 00:00:00,4132.30000
19/12/2092 00:00:00,4241.40000
20/12/2092 00:00:00,4125.10000
21/12/2092 00:00:00,3745.10000
22/12/2092 00:00:00,4793.30000
23/12/2092 00:00:00,4908.30000
24/12/2092 00:00:00,4579.30000
25/12/2092 00:00:00,4473.60000
26/12/2092 00:00:00,4576.50000
27/12/2092 00:00:00,4195.90000
28/12/2092 00:00:00,4590.00000
29/12/2092 00:00:00,4351.00000
30/12/2092 00:00:00,4371.80000
31/12/2092 00:00:00,4310.70000
01/01/2093 00:00:00,4234.60000
02/01/2093 00:00:00,4123.80000
03/01/2093 00:00:00,4061.60000
04/01/2093 00:00:00,4021.70000
05/01/2093 00:00:00,4081.20000
06/01/2093 00:00:00,3627.10000
07/01/2093 00:00:00,3995.50000
08/01/2093 00:00:00,3806.80000
09/01/2093 00:00:00,3898.80000
10/01/2093 00:00:00,4013.20000
11/01/2093 00:00:00,4034.80000
12/01/2093 00:00:00,4304.10000
13/01/2093 00:00:00,4889.80000
14/01/2093 00:00:00,5468.90000
15/01/2093 00:00:00,6222.50000
16/01/2093 00:00:00,5955.80000
17/01/2093 00:00:00,5559.20000
18/01/2093 00:00:00,5288.30000
19/01/2093 00:00:00,4690.70000
20/01/2093 00:00:00,4482.30000
21/01/2093 00:00:00,4698.20000
22/01/2093 00:00:00,4544.90000
23/01/2093 00:00:00,4315.60000
24/01/2093 00:00:00,3736.00000
25/01/2093 00:00:00,3888.40000
26/01/2093 00:00:00,3750.40000
27/01/2093 00:00:00,3836.50000
28/01/2093 00:00:00,3562.80000
29/01/2093 00:00:00,3492.00000
30/01/2093 00:00:00,3697.90000
31/01/2093 00:00:00,3891.60000
01/02/2093 00:00:00,5376.40000
02/02/2093 00:00:00,5272.60000
03/02/2093 00:00:00,4657.90000
04/02/2093 00:00:00,4233.30000
05/02/2093 00:00:00,4124.80000
06/02/2093 00:00:00,3887.10000
07/02/2093 00:00:00,4007.10000
08/02/2093 00:00:00,3843.90000
09/02/2093 00:00:00,4270.50000
10/02/2093 00:00:00,4029.00000
11/02/2093 00:00:00,3689.90000
12/02/2093 00:00:00,3853.60000
13/02/2093 00:00:00,4035.20000
14/02/2093 00:00:00,3921.50000
15/02/2093 00:00:00,3788.90000
16/02/2093 00:00:00,4191.70000
17/02/2093 00:00:00,4263.10000
18/02/2093 00:00:00,4125.40000
19/02/2093 00:00:00,3984.00000
20/02/2093 00:00:00,3750.50000
21/02/2093 00:00:00,3860.90000
22/02/2093 00:00:00,3962.20000
23/02/2093 00:00:00,3841.10000
24/02/2093 00:00:00,3956.30000
25/02/2093 00:00:00,4085.50000
26/02/2093 00:00:00,4153.20000
27/02/2093 00:00:00,4222.90000
28/02/2093 00:00:00,4581.10000
01/03/2093 00:00:00,5089.40000
02/03/2093 00:00:00,4888.40000
03/03/2093 00:00:00,4747.50000
04/03/2093 00:00:00,4562.00000
05/03/2093 00:00:00,4383.80000
06/03/2093 00:00:00,4158.70000
07/03/2093 00:00:00,4115.80000
08/03/2093 00:00:00,4287.50000
09/03/2093 00:00:00,4273.20000
10/03/2093 00:00:00,4188.50000
11/03/2093 00:00:00,4337.40000
12/03/2093 00:00:00,4067.70000
13/03/2093 00:00:00,5313.30000
14/03/2093 00:00:00,5675.60000
15/03/2093 00:00:00,5542.70000
16/03/2093 00:00:00,5191.20000
17/03/2093 00:00:00,5122.10000
18/03/2093 00:00:00,5142.60000
19/03/2093 00:00:00,4779.80000
20/03/2093 00:00:00,4898.20000
21/03/2093 00:00:00,4694.00000
22/03/2093 00:00:00,4527.30000
23/03/2093 00:00:00,4359.80000
24/03/2093 00:00:00,4284.70000
25/03/2093 00:00:00,4341.20000
26/03/2093 00:00:00,4499.30000
27/03/2093 00:00:00,4671.50000
28/03/2093 00:00:00,4557.10000
29/03/2093 00:00:00,4567.90000
30/03/2093 00:00:00,4521.00000
31/03/2093 00:00:00,4460.70000
01/04/2093 00:00:00,4490.80000
02/04/2093 00:00:00,4698.60000
03/04/2093 00:00:00,4610.90000
04/04/2093 00:00:00,4502.40000
05/04/2093 00:00:00,4238.60000
06/04/2093 00:00:00,4375.80000
07/04/2093 00:00:00,4126.20000
08/04/2093 00:00:00,4122.90000
09/04/2093 00:00:00,4066.20000
10/04/2093 00:00:00,4254.00000
11/04/2093 00:00:00,4566.50000
12/04/2093 00:00:00,4906.60000
13/04/2093 00:00:00,6303.90000
14/04/2093 00:00:00,6841.90000
15/04/2093 00:00:00,6465.40000
16/04/2093 00:00:00,6054.30000
17/04/2093 00:00:00,5510.70000
18/04/2093 00:00:00,5248.90000
19/04/2093 00:00:00,4920.60000
20/04/2093 00:00:00,5034.10000
21/04/2093 00:00:00,5759.30000
22/04/2093 00:00:00,5457.40000
23/04/2093 00:00:00,5355.90000
24/04/2093 00:00:00,4958.90000
25/04/2093 00:00:00,5050.40000
26/04/2093 00:00:00,5078.00000
27/04/2093 00:00:00,5083.20000
28/04/2093 00:00:00,5008.40000
29/04/2093 00:00:00,4611.90000
30/04/2093 00:00:00,4692.80000
01/05/2093 00:00:00,4623.10000
02/05/2093 00:00:00,4569.80000
03/05/2093 00:00:00,4436.10000
04/05/2093 00:00:00,4380.20000
05/05/2093 00:00:00,4249.60000
06/05/2093 00:00:00,4364.60000
07/05/2093 00:00:00,4353.90000
08/05/2093 00:00:00,4446.80000
09/05/2093 00:00:00,4457.00000
10/05/2093 00:00:00,4320.70000
11/05/2093 00:00:00,4207.10000
12/05/2093 00:00:00,4375.00000
13/05/2093 00:00:00,4512.50000
14/05/2093 00:00:00,4450.90000
15/05/2093 00:00:00,4379.20000
16/05/2093 00:00:00,4397.20000
17/05/2093 00:00:00,4334.20000
18/05/2093 00:00:00,3920.30000
19/05/2093 00:00:00,4084.60000
20/05/2093 00:00:00,4152.00000
21/05/2093 00:00:00,4183.60000
22/05/2093 00:00:00,4292.00000
23/05/2093 00:00:00,4034.00000
24/05/2093 00:00:00,4355.80000
25/05/2093 00:00:00,4642.70000
26/05/2093 00:00:00,4601.10000
27/05/2093 00:00:00,4420.20000
28/05/2093 00:00:00,4121.30000
29/05/2093 00:00:00,4388.30000
30/05/2093 00:00:00,4714.00000
31/05/2093 00:00:00,4572.00000
01/06/2093 00:00:00,4584.30000
02/06/2093 00:00:00,4521.30000
03/06/2093 00:00:00,4963.50000
04/06/2093 00:00:00,4908.60000
05/06/2093 00:00:00,4779.70000
06/06/2093 00:00:00,4477.70000
07/06/2093 00:00:00,4542.00000
08/06/2093 00:00:00,4424.10000
09/06/2093 00:00:00,4601.70000
10/06/2093 00:00:00,4844.40000
11/06/2093 00:00:00,5106.80000
12/06/2093 00:00:00,5010.10000
13/06/2093 00:00:00,4608.60000
14/06/2093 00:00:00,4763.50000
15/06/2093 00:00:00,4939.30000
16/06/2093 00:00:00,4725.60000
17/06/2093 00:00:00,4557.30000
18/06/2093 00:00:00,4626.50000
19/06/2093 00:00:00,4483.40000
20/06/2093 00:00:00,4310.70000
21/06/2093 00:00:00,4409.00000
22/06/2093 00:00:00,4393.50000
23/06/2093 00:00:00,4328.50000
24/06/2093 00:00:00,4275.20000
25/06/2093 00:00:00,4399.60000
26/06/2093 00:00:00,4329.00000
27/06/2093 00:00:00,4414.10000
28/06/2093 00:00:00,4377.10000
29/06/2093 00:00:00,4447.80000
30/06/2093 00:00:00,4517.50000
01/07/2093 00:00:00,4758.40000
02/07/2093 00:00:00,4621.00000
03/07/2093 00:00:00,4611.90000
04/07/2093 00:00:00,4857.80000
05/07/2093 00:00:00,4807.70000
06/07/2093 00:00:00,4851.60000
07/07/2093 00:00:00,4724.30000
08/07/2093 00:00:00,4504.30000
09/07/2093 00:00:00,4375.20000
10/07/2093 00:00:00,4784.00000
11/07/2093 00:00:00,5498.80000
12/07/2093 00:00:00,5622.10000
13/07/2093 00:00:00,5423.20000
14/07/2093 00:00:00,5096.60000
15/07/2093 00:00:00,4984.80000
16/07/2093 00:00:00,4775.00000
17/07/2093 00:00:00,4614.20000
18/07/2093 00:00:00,4505.90000
19/07/2093 00:00:00,4324.70000
20/07/2093 00:00:00,4110.90000
21/07/2093 00:00:00,4396.00000
22/07/2093 00:00:00,4360.90000
23/07/2093 00:00:00,4241.90000
24/07/2093 00:00:00,4384.40000
25/07/2093 00:00:00,4410.40000
26/07/2093 00:00:00,4224.10000
27/07/2093 00:00:00,4223.20000
28/07/2093 00:00:00,4107.60000
29/07/2093 00:00:00,4296.90000
30/07/2093 00:00:00,4288.00000
31/07/2093 00:00:00,4166.20000
01/08/2093 00:00:00,4058.50000
02/08/2093 00:00:00,4360.50000
03/08/2093 00:00:00,4198.70000
04/08/2093 00:00:00,4416.70000
05/08/2093 00:00:00,4677.30000
06/08/2093 00:00:00,4515.60000
07/08/2093 00:00:00,4365.30000
08/08/2093 00:00:00,4381.80000
09/08/2093 00:00:00,4418.70000
10/08/2093 00:00:00,4325.40000
11/08/2093 00:00:00,4278.40000
12/08/2093 00:00:00,4221.60000
13/08/2093 00:00:00,4232.20000
14/08/2093 00:00:00,4397.10000
15/08/2093 00:00:00,4313.50000
16/08/2093 00:00:00,4232.70000
17/08/2093 00:00:00,4232.40000
18/08/2093 00:00:00,4181.80000
19/08/2093 00:00:00,4180.40000
20/08/2093 00:00:00,4198.60000
21/08/2093 00:00:00,4148.30000
22/08/2093 00:00:00,4098.10000
23/08/2093 00:00:00,4248.40000
24/08/2093 00:00:00,4053.50000
25/08/2093 00:00:00,4001.20000
26/08/2093 00:00:00,4000.60000
27/08/2093 00:00:00,4192.00000
28/08/2093 00:00:00,4152.80000
29/08/2093 00:00:00,4158.10000
30/08/2093 00:00:00,4134.50000
31/08/2093 00:00:00,4055.50000
01/09/2093 00:00:00,4197.00000
02/09/2093 00:00:00,4030.50000
03/09/2093 00:00:00,4226.20000
04/09/2093 00:00:00,4271.70000
05/09/2093 00:00:00,4317.30000
06/09/2093 00:00:00,4194.00000
07/09/2093 00:00:00,4142.60000
08/09/2093 00:00:00,4236.70000
09/09/2093 00:00:00,4241.10000
10/09/2093 00:00:00,4077.60000
11/09/2093 00:00:00,4243.90000
12/09/2093 00:00:00,4240.30000
13/09/2093 00:00:00,4346.50000
14/09/2093 00:00:00,4466.80000
15/09/2093 00:00:00,4322.10000
16/09/2093 00:00:00,4531.10000
17/09/2093 00:00:00,4675.80000
18/09/2093 00:00:00,4360.40000
19/09/2093 00:00:00,4287.90000
20/09/2093 00:00:00,4214.90000
21/09/2093 00:00:00,4168.70000
22/09/2093 00:00:00,4468.10000
23/09/2093 00:00:00,4610.20000
24/09/2093 00:00:00,4729.30000
25/09/2093 00:00:00,4731.30000
26/09/2093 00:00:00,4722.90000
27/09/2093 00:00:00,4600.00000
28/09/2093 00:00:00,4357.70000
29/09/2093 00:00:00,4275.20000
30/09/2093 00:00:00,4365.90000
01/10/2093 00:00:00,4480.10000
02/10/2093 00:00:00,4397.80000
03/10/2093 00:00:00,4393.80000
04/10/2093 00:00:00,4197.30000
05/10/2093 00:00:00,4310.00000
06/10/2093 00:00:00,4180.60000
07/10/2093 00:00:00,4093.70000
08/10/2093 00:00:00,4714.40000
09/10/2093 00:00:00,4514.30000
10/10/2093 00:00:00,4536.10000
11/10/2093 00:00:00,4629.30000
12/10/2093 00:00:00,4565.10000
13/10/2093 00:00:00,4319.30000
14/10/2093 00:00:00,4475.50000
15/10/2093 00:00:00,4457.30000
16/10/2093 00:00:00,4375.10000
17/10/2093 00:00:00,4483.90000
18/10/2093 00:00:00,4494.80000
19/10/2093 00:00:00,4563.40000
20/10/2093 00:00:00,4501.00000
21/10/2093 00:00:00,4583.90000
22/10/2093 00:00:00,4418.10000
23/10/2093 00:00:00,4617.50000
24/10/2093 00:00:00,4634.30000
25/10/2093 00:00:00,4861.90000
26/10/2093 00:00:00,4807.20000
27/10/2093 00:00:00,4744.40000
28/10/2093 00:00:00,4696.70000
29/10/2093 00:00:00,4775.60000
30/10/2093 00:00:00,4761.00000
31/10/2093 00:00:00,4830.50000
01/11/2093 00:00:00,4637.10000
02/11/2093 00:00:00,4871.60000
03/11/2093 00:00:00,5283.40000
04/11/2093 00:00:00,5176.00000
05/11/2093 00:00:00,4800.20000
06/11/2093 00:00:00,4959.80000
07/11/2093 00:00:00,4683.20000
08/11/2093 00:00:00,5207.10000
09/11/2093 00:00:00,4935.30000
10/11/2093 00:00:00,4630.80000
11/11/2093 00:00:00,5183.80000
12/11/2093 00:00:00,4900.20000
13/11/2093 00:00:00,4880.60000
14/11/2093 00:00:00,4493.20000
15/11/2093 00:00:00,4778.70000
16/11/2093 00:00:00,4685.00000
17/11/2093 00:00:00,4544.10000
18/11/2093 00:00:00,4045.40000
19/11/2093 00:00:00,5175.10000
20/11/2093 00:00:00,4866.70000
21/11/2093 00:00:00,4819.80000
22/11/2093 00:00:00,4821.70000
23/11/2093 00:00:00,5057.00000
24/11/2093 00:00:00,5076.80000
25/11/2093 00:00:00,5157.90000
26/11/2093 00:00:00,4426.70000
27/11/2093 00:00:00,4776.50000
28/11/2093 00:00:00,5019.00000
29/11/2093 00:00:00,4667.10000
30/11/2093 00:00:00,4507.50000
01/12/2093 00:00:00,4335.40000
02/12/2093 00:00:00,4766.00000
03/12/2093 00:00:00,4617.40000
04/12/2093 00:00:00,4496.10000
05/12/2093 00:00:00,4448.00000
06/12/2093 00:00:00,4544.60000
07/12/2093 00:00:00,4662.80000
08/12/2093 00:00:00,4747.00000
09/12/2093 00:00:00,4504.60000
10/12/2093 00:00:00,4544.90000
11/12/2093 00:00:00,4530.60000
12/12/2093 00:00:00,4670.50000
13/12/2093 00:00:00,4652.40000
14/12/2093 00:00:00,4479.40000
15/12/2093 00:00:00,4338.30000
16/12/2093 00:00:00,4653.40000
17/12/2093 00:00:00,4458.40000
18/12/2093 00:00:00,4552.50000
19/12/2093 00:00:00,4652.70000
20/12/2093 00:00:00,4600.40000
21/12/2093 00:00:00,4697.50000
22/12/2093 00:00:00,5061.30000
23/12/2093 00:00:00,5989.50000
24/12/2093 00:00:00,6728.30000
25/12/2093 00:00:00,7146.10000
26/12/2093 00:00:00,5942.30000
27/12/2093 00:00:00,5665.90000
28/12/2093 00:00:00,5226.90000
29/12/2093 00:00:00,5067.70000
30/12/2093 00:00:00,5068.60000
31/12/2093 00:00:00,4962.90000
01/01/2094 00:00:00,5036.00000
02/01/2094 00:00:00,4511.40000
03/01/2094 00:00:00,4115.50000
04/01/2094 00:00:00,4289.70000
05/01/2094 00:00:00,3644.70000
06/01/2094 00:00:00,3301.00000
07/01/2094 00:00:00,4004.50000
08/01/2094 00:00:00,3354.90000
09/01/2094 00:00:00,3019.80000
10/01/2094 00:00:00,2899.10000
11/01/2094 00:00:00,3073.10000
12/01/2094 00:00:00,2911.90000
13/01/2094 00:00:00,3721.30000
14/01/2094 00:00:00,3907.70000
15/01/2094 00:00:00,4219.20000
16/01/2094 00:00:00,4579.30000
17/01/2094 00:00:00,4239.60000
18/01/2094 00:00:00,4311.60000
19/01/2094 00:00:00,4261.10000
20/01/2094 00:00:00,3990.00000
21/01/2094 00:00:00,3907.80000
22/01/2094 00:00:00,3765.50000
23/01/2094 00:00:00,3676.70000
24/01/2094 00:00:00,3585.70000
25/01/2094 00:00:00,3559.40000
26/01/2094 00:00:00,3502.80000
27/01/2094 00:00:00,3316.10000
28/01/2094 00:00:00,3333.70000
29/01/2094 00:00:00,3752.90000
30/01/2094 00:00:00,3521.30000
31/01/2094 00:00:00,3321.10000
01/02/2094 00:00:00,3169.80000
02/02/2094 00:00:00,3023.00000
03/02/2094 00:00:00,3177.50000
04/02/2094 00:00:00,3256.40000
05/02/2094 00:00:00,3241.20000
06/02/2094 00:00:00,3145.70000
07/02/2094 00:00:00,3284.50000
08/02/2094 00:00:00,3456.70000
09/02/2094 00:00:00,3255.60000
10/02/2094 00:00:00,3129.10000
11/02/2094 00:00:00,3097.20000
12/02/2094 00:00:00,3137.80000
13/02/2094 00:00:00,3152.60000
14/02/2094 00:00:00,3119.20000
15/02/2094 00:00:00,3111.10000
16/02/2094 00:00:00,3173.60000
17/02/2094 00:00:00,3192.10000
18/02/2094 00:00:00,3162.90000
19/02/2094 00:00:00,3258.20000
20/02/2094 00:00:00,3555.50000
21/02/2094 00:00:00,3570.10000
22/02/2094 00:00:00,4077.70000
23/02/2094 00:00:00,4866.40000
24/02/2094 00:00:00,5552.90000
25/02/2094 00:00:00,5628.10000
26/02/2094 00:00:00,5272.40000
27/02/2094 00:00:00,4962.50000
28/02/2094 00:00:00,4660.10000
01/03/2094 00:00:00,4157.40000
02/03/2094 00:00:00,3900.90000
03/03/2094 00:00:00,4014.30000
04/03/2094 00:00:00,4077.90000
05/03/2094 00:00:00,3939.70000
06/03/2094 00:00:00,3928.10000
07/03/2094 00:00:00,3958.80000
08/03/2094 00:00:00,4094.50000
09/03/2094 00:00:00,4240.70000
10/03/2094 00:00:00,4258.30000
11/03/2094 00:00:00,4481.60000
12/03/2094 00:00:00,4978.00000
13/03/2094 00:00:00,5498.80000
14/03/2094 00:00:00,5259.80000
15/03/2094 00:00:00,5148.30000
16/03/2094 00:00:00,5890.80000
17/03/2094 00:00:00,6134.40000
18/03/2094 00:00:00,5481.00000
19/03/2094 00:00:00,5268.80000
20/03/2094 00:00:00,5185.40000
21/03/2094 00:00:00,5672.30000
22/03/2094 00:00:00,5298.50000
23/03/2094 00:00:00,5441.00000
24/03/2094 00:00:00,5434.90000
25/03/2094 00:00:00,5305.70000
26/03/2094 00:00:00,5192.30000
27/03/2094 00:00:00,4979.00000
28/03/2094 00:00:00,4686.00000
29/03/2094 00:00:00,4790.60000
30/03/2094 00:00:00,4902.20000
31/03/2094 00:00:00,4991.60000
01/04/2094 00:00:00,4929.60000
02/04/2094 00:00:00,4889.90000
03/04/2094 00:00:00,5240.20000
04/04/2094 00:00:00,5057.60000
05/04/2094 00:00:00,6191.80000
06/04/2094 00:00:00,7140.90000
07/04/2094 00:00:00,6808.40000
08/04/2094 00:00:00,6210.30000
09/04/2094 00:00:00,6400.40000
10/04/2094 00:00:00,6334.60000
11/04/2094 00:00:00,5909.00000
12/04/2094 00:00:00,5834.20000
13/04/2094 00:00:00,5565.30000
14/04/2094 00:00:00,5301.50000
15/04/2094 00:00:00,5071.30000
16/04/2094 00:00:00,5756.40000
17/04/2094 00:00:00,5223.30000
18/04/2094 00:00:00,5210.50000
19/04/2094 00:00:00,5370.90000
20/04/2094 00:00:00,5151.00000
21/04/2094 00:00:00,4936.60000
22/04/2094 00:00:00,4767.80000
23/04/2094 00:00:00,4887.10000
24/04/2094 00:00:00,4917.00000
25/04/2094 00:00:00,4483.50000
26/04/2094 00:00:00,4654.00000
27/04/2094 00:00:00,4711.80000
28/04/2094 00:00:00,4660.90000
29/04/2094 00:00:00,4536.90000
30/04/2094 00:00:00,4645.00000
01/05/2094 00:00:00,5024.90000
02/05/2094 00:00:00,4901.70000
03/05/2094 00:00:00,5040.60000
04/05/2094 00:00:00,4928.50000
05/05/2094 00:00:00,4929.00000
06/05/2094 00:00:00,4831.60000
07/05/2094 00:00:00,4835.70000
08/05/2094 00:00:00,4614.40000
09/05/2094 00:00:00,4787.50000
10/05/2094 00:00:00,4691.30000
11/05/2094 00:00:00,4847.50000
12/05/2094 00:00:00,4682.80000
13/05/2094 00:00:00,4547.30000
14/05/2094 00:00:00,4955.50000
15/05/2094 00:00:00,5182.60000
16/05/2094 00:00:00,5182.20000
17/05/2094 00:00:00,5793.10000
18/05/2094 00:00:00,5794.60000
19/05/2094 00:00:00,5422.80000
20/05/2094 00:00:00,5225.00000
21/05/2094 00:00:00,4909.40000
22/05/2094 00:00:00,4922.30000
23/05/2094 00:00:00,4955.20000
24/05/2094 00:00:00,5044.50000
25/05/2094 00:00:00,4938.70000
26/05/2094 00:00:00,4643.30000
27/05/2094 00:00:00,4680.40000
28/05/2094 00:00:00,4722.60000
29/05/2094 00:00:00,4645.90000
30/05/2094 00:00:00,4957.20000
31/05/2094 00:00:00,5244.90000
01/06/2094 00:00:00,5115.60000
02/06/2094 00:00:00,5100.20000
03/06/2094 00:00:00,4734.20000
04/06/2094 00:00:00,4822.50000
05/06/2094 00:00:00,4637.90000
06/06/2094 00:00:00,4935.50000
07/06/2094 00:00:00,4511.30000
08/06/2094 00:00:00,4584.80000
09/06/2094 00:00:00,4872.90000
10/06/2094 00:00:00,5030.70000
11/06/2094 00:00:00,5358.20000
12/06/2094 00:00:00,5223.20000
13/06/2094 00:00:00,5258.10000
14/06/2094 00:00:00,5035.70000
15/06/2094 00:00:00,4728.60000
16/06/2094 00:00:00,4779.10000
17/06/2094 00:00:00,5178.90000
18/06/2094 00:00:00,4491.20000
19/06/2094 00:00:00,4805.50000
20/06/2094 00:00:00,5084.20000
21/06/2094 00:00:00,4682.50000
22/06/2094 00:00:00,4977.50000
23/06/2094 00:00:00,5016.30000
24/06/2094 00:00:00,4906.20000
25/06/2094 00:00:00,5069.00000
26/06/2094 00:00:00,5565.90000
27/06/2094 00:00:00,5600.40000
28/06/2094 00:00:00,5320.40000
29/06/2094 00:00:00,5190.00000
30/06/2094 00:00:00,4823.00000
01/07/2094 00:00:00,4766.70000
02/07/2094 00:00:00,4826.40000
03/07/2094 00:00:00,4924.80000
04/07/2094 00:00:00,4843.20000
05/07/2094 00:00:00,4752.40000
06/07/2094 00:00:00,4585.70000
07/07/2094 00:00:00,4594.20000
08/07/2094 00:00:00,4865.70000
09/07/2094 00:00:00,4835.90000
10/07/2094 00:00:00,4800.30000
11/07/2094 00:00:00,5085.20000
12/07/2094 00:00:00,4952.10000
13/07/2094 00:00:00,4799.60000
14/07/2094 00:00:00,4962.20000
15/07/2094 00:00:00,5133.40000
16/07/2094 00:00:00,4961.20000
17/07/2094 00:00:00,4792.80000
18/07/2094 00:00:00,4709.40000
19/07/2094 00:00:00,4675.20000
20/07/2094 00:00:00,4602.20000
21/07/2094 00:00:00,4766.90000
22/07/2094 00:00:00,4875.90000
23/07/2094 00:00:00,4677.90000
24/07/2094 00:00:00,4880.30000
25/07/2094 00:00:00,4652.40000
26/07/2094 00:00:00,4525.70000
27/07/2094 00:00:00,4624.50000
28/07/2094 00:00:00,4772.70000
29/07/2094 00:00:00,5001.60000
30/07/2094 00:00:00,4832.90000
31/07/2094 00:00:00,4971.30000
01/08/2094 00:00:00,4948.20000
02/08/2094 00:00:00,4903.10000
03/08/2094 00:00:00,4833.60000
04/08/2094 00:00:00,4803.70000
05/08/2094 00:00:00,4790.40000
06/08/2094 00:00:00,4716.60000
07/08/2094 00:00:00,4794.20000
08/08/2094 00:00:00,4745.80000
09/08/2094 00:00:00,4683.80000
10/08/2094 00:00:00,4625.80000
11/08/2094 00:00:00,4592.10000
12/08/2094 00:00:00,4479.60000
13/08/2094 00:00:00,4968.40000
14/08/2094 00:00:00,5118.60000
15/08/2094 00:00:00,5067.20000
16/08/2094 00:00:00,4965.30000
17/08/2094 00:00:00,4885.60000
18/08/2094 00:00:00,4834.20000
19/08/2094 00:00:00,4672.60000
20/08/2094 00:00:00,4690.90000
21/08/2094 00:00:00,4774.60000
22/08/2094 00:00:00,4784.00000
23/08/2094 00:00:00,4663.40000
24/08/2094 00:00:00,4585.10000
25/08/2094 00:00:00,4704.30000
26/08/2094 00:00:00,4708.10000
27/08/2094 00:00:00,4720.20000
28/08/2094 00:00:00,4892.70000
29/08/2094 00:00:00,4658.90000
30/08/2094 00:00:00,4504.80000
31/08/2094 00:00:00,4526.30000
01/09/2094 00:00:00,4761.10000
02/09/2094 00:00:00,4593.50000
03/09/2094 00:00:00,4855.40000
04/09/2094 00:00:00,4567.20000
05/09/2094 00:00:00,4516.40000
06/09/2094 00:00:00,4570.10000
07/09/2094 00:00:00,4751.50000
08/09/2094 00:00:00,4671.50000
09/09/2094 00:00:00,4596.80000
10/09/2094 00:00:00,4762.20000
11/09/2094 00:00:00,4438.70000
12/09/2094 00:00:00,5256.10000
13/09/2094 00:00:00,5382.60000
14/09/2094 00:00:00,5497.50000
15/09/2094 00:00:00,5258.80000
16/09/2094 00:00:00,5263.50000
17/09/2094 00:00:00,5243.20000
18/09/2094 00:00:00,5208.00000
19/09/2094 00:00:00,5116.80000
20/09/2094 00:00:00,4939.00000
21/09/2094 00:00:00,4985.80000
22/09/2094 00:00:00,5365.80000
23/09/2094 00:00:00,5063.40000
24/09/2094 00:00:00,4917.40000
25/09/2094 00:00:00,4929.70000
26/09/2094 00:00:00,4996.00000
27/09/2094 00:00:00,4956.00000
28/09/2094 00:00:00,4871.90000
29/09/2094 00:00:00,4939.60000
30/09/2094 00:00:00,4917.20000
01/10/2094 00:00:00,5014.40000
02/10/2094 00:00:00,4955.90000
03/10/2094 00:00:00,4824.50000
04/10/2094 00:00:00,4593.20000
05/10/2094 00:00:00,5016.20000
06/10/2094 00:00:00,4987.20000
07/10/2094 00:00:00,4823.00000
08/10/2094 00:00:00,4917.40000
09/10/2094 00:00:00,5209.70000
10/10/2094 00:00:00,5082.20000
11/10/2094 00:00:00,5353.40000
12/10/2094 00:00:00,5326.60000
13/10/2094 00:00:00,5149.50000
14/10/2094 00:00:00,5268.20000
15/10/2094 00:00:00,5099.10000
16/10/2094 00:00:00,5331.50000
17/10/2094 00:00:00,5388.90000
18/10/2094 00:00:00,5116.30000
19/10/2094 00:00:00,5619.00000
20/10/2094 00:00:00,5132.00000
21/10/2094 00:00:00,5177.20000
22/10/2094 00:00:00,5502.00000
23/10/2094 00:00:00,5267.10000
24/10/2094 00:00:00,5315.50000
25/10/2094 00:00:00,5311.80000
26/10/2094 00:00:00,5258.80000
27/10/2094 00:00:00,5394.40000
28/10/2094 00:00:00,5173.00000
29/10/2094 00:00:00,5172.80000
30/10/2094 00:00:00,5315.60000
31/10/2094 00:00:00,5194.70000
01/11/2094 00:00:00,5413.70000
02/11/2094 00:00:00,5641.70000
03/11/2094 00:00:00,5434.70000
04/11/2094 00:00:00,5306.20000
05/11/2094 00:00:00,5253.90000
06/11/2094 00:00:00,5227.50000
07/11/2094 00:00:00,5232.50000
08/11/2094 00:00:00,5434.20000
09/11/2094 00:00:00,5276.30000
10/11/2094 00:00:00,5344.80000
11/11/2094 00:00:00,5221.00000
12/11/2094 00:00:00,5080.30000
13/11/2094 00:00:00,5417.50000
14/11/2094 00:00:00,5317.20000
15/11/2094 00:00:00,5363.50000
16/11/2094 00:00:00,5216.30000
17/11/2094 00:00:00,5188.70000
18/11/2094 00:00:00,5172.80000
19/11/2094 00:00:00,5409.10000
20/11/2094 00:00:00,4835.60000
21/11/2094 00:00:00,5363.50000
22/11/2094 00:00:00,4914.60000
23/11/2094 00:00:00,4943.60000
24/11/2094 00:00:00,4933.80000
25/11/2094 00:00:00,4620.90000
26/11/2094 00:00:00,5980.70000
27/11/2094 00:00:00,5796.40000
28/11/2094 00:00:00,5869.60000
29/11/2094 00:00:00,5739.10000
30/11/2094 00:00:00,5384.00000
01/12/2094 00:00:00,5537.50000
02/12/2094 00:00:00,5676.90000
03/12/2094 00:00:00,5537.40000
04/12/2094 00:00:00,5616.40000
05/12/2094 00:00:00,5374.20000
06/12/2094 00:00:00,5285.10000
07/12/2094 00:00:00,5467.30000
08/12/2094 00:00:00,5358.40000
09/12/2094 00:00:00,5297.80000
10/12/2094 00:00:00,5443.10000
11/12/2094 00:00:00,5696.20000
12/12/2094 00:00:00,5578.40000
13/12/2094 00:00:00,5415.80000
14/12/2094 00:00:00,5336.60000
15/12/2094 00:00:00,5354.60000
16/12/2094 00:00:00,5295.20000
17/12/2094 00:00:00,5230.40000
18/12/2094 00:00:00,5536.50000
19/12/2094 00:00:00,5176.80000
20/12/2094 00:00:00,5377.00000
21/12/2094 00:00:00,5182.90000
22/12/2094 00:00:00,5175.20000
23/12/2094 00:00:00,4969.60000
24/12/2094 00:00:00,5101.60000
25/12/2094 00:00:00,5013.80000
26/12/2094 00:00:00,5386.20000
27/12/2094 00:00:00,5265.40000
28/12/2094 00:00:00,5299.30000
29/12/2094 00:00:00,5481.00000
30/12/2094 00:00:00,5348.30000
31/12/2094 00:00:00,5298.90000
01/01/2095 00:00:00,5081.30000
