time,flow,salt,temp,TRC_ss1,TRC_ss2,TRC_ss3,TRC_ss4,TRC_ss5,TRC_ss6,TRC_ret,OXY_oxy,SIL_rsi,NIT_amm,NIT_nit,PHS_frp,PHS_frp_ads,OGM_doc,OGM_poc,OGM_don,OGM_pon,OGM_dop,OGM_pop,PHY_cyano,PHY_chlor,PHY_crypt,PHY_fdiat,PHY_mdiat
2011-03-01,4867.600000,0.020000,0.470000,0.000000,1.000000,0.000000,0.000000,0.000000,0.000000,0.000000,291.562500,17.224199,1.500714,30.353571,0.229032,0.022903,154.500000,16.666667,14.401429,4.800714,0.067419,0.067419,0.291667,0.291667,0.000000,1.416667,10.208333
2011-03-02,5207.200000,0.020000,0.440000,0.000000,1.000000,0.000000,0.000000,0.000000,0.000000,0.000000,290.625000,16.725979,1.491429,29.955714,0.229032,0.022903,154.833333,16.666667,14.368571,4.789286,0.067097,0.067097,0.291667,0.291667,0.000000,1.416667,10.208333
2011-03-03,4697.800000,0.020000,0.420000,0.000000,1.000000,0.000000,0.000000,0.000000,0.000000,0.000000,289.687500,16.263345,1.482143,29.561429,0.229032,0.022903,155.083333,16.666667,14.336429,4.778571,0.066774,0.066774,0.291667,0.291667,0.000000,1.416667,10.208333
2011-03-04,5292.100000,0.020000,0.230000,0.000000,1.000000,0.000000,0.000000,0.000000,0.000000,0.000000,288.750000,15.800712,1.473571,29.172857,0.224839,0.022484,155.333333,16.666667,14.305000,4.768571,0.067097,0.067097,0.291667,0.291667,0.000000,1.416667,10.208333
2011-03-05,5320.400000,0.020000,0.460000,0.000000,1.000000,0.000000,0.000000,0.000000,0.000000,0.000000,287.812500,15.409253,1.465714,28.787857,0.224839,0.022484,155.666667,16.666667,14.275000,4.758571,0.066774,0.066774,0.291667,0.291667,0.000000,1.416667,10.208333
2011-03-06,5065.700000,0.020000,0.440000,0.000000,1.000000,0.000000,0.000000,0.000000,0.000000,0.000000,287.187500,15.053381,1.458571,28.407857,0.224839,0.022484,155.916667,16.666667,14.245714,4.748571,0.066774,0.066774,0.291667,0.291667,0.000000,1.416667,10.208333
2011-03-07,4499.700000,0.020000,0.400000,0.000000,1.000000,0.000000,0.000000,0.000000,0.000000,0.000000,286.250000,14.733096,1.451429,28.032143,0.220323,0.022032,156.250000,16.666667,14.217143,4.739286,0.067097,0.067097,0.291667,0.291667,0.000000,1.416667,10.208333
2011-03-08,4584.600000,0.020000,0.330000,0.000000,1.000000,0.000000,0.000000,0.000000,0.000000,0.000000,285.312500,14.483986,1.444286,27.660714,0.220323,0.022032,156.583333,16.666667,14.190000,4.730000,0.066774,0.066774,0.291667,0.291667,0.000000,1.416667,10.208333
2011-03-09,5037.400000,0.020000,0.310000,0.000000,1.000000,0.000000,0.000000,0.000000,0.000000,0.000000,284.375000,14.234875,1.438571,27.294286,0.220323,0.022032,156.916667,16.666667,14.162857,4.720714,0.066774,0.066774,0.291667,0.291667,0.000000,1.416667,10.208333
2011-03-10,5490.200000,0.020000,0.330000,0.000000,1.000000,0.000000,0.000000,0.000000,0.000000,0.000000,283.750000,14.021352,1.432143,26.932857,0.220323,0.022032,157.250000,16.666667,14.137143,4.712143,0.066452,0.066452,0.291667,0.291667,0.000000,1.416667,10.208333
2011-03-11,4867.600000,0.020000,0.250000,0.000000,1.000000,0.000000,0.000000,0.000000,0.000000,0.000000,282.812500,13.879004,1.427143,26.575714,0.220323,0.022032,157.583333,16.666667,14.112857,4.704286,0.066452,0.066452,0.291667,0.291667,0.000000,1.416667,10.208333
2011-03-12,4980.800000,0.020000,0.330000,0.000000,1.000000,0.000000,0.000000,0.000000,0.000000,0.000000,282.187500,13.736655,1.422143,26.222857,0.216129,0.021613,157.916667,16.666667,14.088571,4.696429,0.066452,0.066452,0.291667,0.291667,0.000000,1.416667,10.208333
2011-03-13,4867.600000,0.020000,0.380000,0.000000,1.000000,0.000000,0.000000,0.000000,0.000000,0.000000,281.250000,13.665480,1.417143,25.875000,0.216129,0.021613,158.333333,16.666667,14.065714,4.688571,0.066452,0.066452,0.291667,0.291667,0.000000,1.416667,10.208333
2011-03-14,5094.000000,0.020000,0.510000,0.000000,1.000000,0.000000,0.000000,0.000000,0.000000,0.000000,280.625000,13.594306,1.412857,25.531429,0.216129,0.021613,158.666667,16.666667,14.044286,4.681429,0.066452,0.066452,0.291667,0.291667,0.000000,1.416667,10.208333
2011-03-15,5094.000000,0.020000,0.750000,0.000000,1.000000,0.000000,0.000000,0.000000,0.000000,0.000000,280.000000,13.594306,1.409286,25.192857,0.216129,0.021613,159.083333,16.666667,14.022857,4.674286,0.066129,0.066129,0.291667,0.291667,0.000000,1.416667,10.208333
2011-03-16,4980.800000,0.020000,0.840000,0.000000,1.000000,0.000000,0.000000,0.000000,0.000000,0.000000,279.375000,13.629893,1.405714,24.859286,0.216129,0.021613,159.416667,16.666667,14.002857,4.667857,0.066129,0.066129,0.291667,0.291667,0.000000,1.416667,10.208333
2011-03-17,5094.000000,0.020000,0.630000,0.000000,1.000000,0.000000,0.000000,0.000000,0.000000,0.000000,278.750000,13.701068,1.402857,24.530000,0.211935,0.021194,159.833333,16.666667,13.983571,4.661429,0.066452,0.066452,0.291667,0.291667,0.000000,1.416667,10.208333
2011-03-18,4867.600000,0.020000,1.100000,0.000000,1.000000,0.000000,0.000000,0.000000,0.000000,0.000000,277.812500,13.807829,1.400000,24.206429,0.211935,0.021194,160.250000,16.666667,13.965000,4.655000,0.066129,0.066129,0.291667,0.291667,0.000000,1.416667,10.208333
2011-03-19,4782.700000,0.020000,2.670000,0.000000,1.000000,0.000000,0.000000,0.000000,0.000000,0.000000,277.187500,13.950178,1.397857,23.886429,0.211935,0.021194,160.666667,16.666667,13.947857,4.649286,0.066129,0.066129,0.291667,0.291667,0.000000,1.416667,10.208333
2011-03-20,4782.700000,0.020000,3.150000,0.000000,1.000000,0.000000,0.000000,0.000000,0.000000,0.000000,276.875000,15.302491,1.395714,23.572143,0.211935,0.021194,161.000000,16.666667,13.931429,4.643571,0.066129,0.066129,0.291667,0.291667,0.000000,1.416667,10.208333
2011-03-21,4726.100000,0.020000,2.740000,0.000000,1.000000,0.000000,0.000000,0.000000,0.000000,0.000000,276.250000,16.548043,1.394286,23.262143,0.211935,0.021194,161.416667,16.666667,13.915714,4.638571,0.065806,0.065806,0.291667,0.291667,0.000000,1.416667,10.208333
2011-03-22,4726.100000,0.020000,1.870000,0.000000,1.000000,0.000000,0.000000,0.000000,0.000000,0.000000,275.625000,16.761566,1.392857,22.957857,0.211935,0.021194,161.833333,16.666667,13.900714,4.633571,0.065806,0.065806,0.291667,0.291667,0.000000,1.416667,10.208333
2011-03-23,4811.000000,0.020000,0.640000,0.000000,1.000000,0.000000,0.000000,0.000000,0.000000,0.000000,275.000000,16.975089,1.392143,22.657857,0.211935,0.021194,162.250000,16.666667,13.887143,4.629286,0.065806,0.065806,0.291667,0.291667,0.000000,1.416667,10.208333
2011-03-24,4811.000000,0.020000,1.770000,0.000000,1.000000,0.000000,0.000000,0.000000,0.000000,0.000000,274.375000,17.188612,1.392143,22.362857,0.211935,0.021194,162.750000,16.666667,13.874286,4.625000,0.065806,0.065806,0.291667,0.291667,0.000000,1.416667,10.208333
2011-03-25,4924.200000,0.020000,2.300000,0.000000,1.000000,0.000000,0.000000,0.000000,0.000000,0.000000,274.062500,17.366548,1.391429,22.072857,0.211935,0.021194,163.166667,16.666667,13.862143,4.620714,0.065806,0.065806,0.291667,0.291667,0.000000,1.416667,10.208333
2011-03-26,5037.400000,0.020000,2.080000,0.000000,1.000000,0.000000,0.000000,0.000000,0.000000,0.000000,273.437500,17.580071,1.392143,21.787857,0.211935,0.021194,163.583333,16.666667,13.851429,4.617143,0.065484,0.065484,0.291667,0.291667,0.000000,1.416667,10.208333
2011-03-27,5405.300000,0.020000,1.850000,0.000000,1.000000,0.000000,0.000000,0.000000,0.000000,0.000000,273.125000,17.793594,1.392143,21.507857,0.211935,0.021194,164.000000,16.666667,13.841429,4.613571,0.065484,0.065484,0.291667,0.291667,0.000000,1.416667,10.208333
2011-03-28,4726.100000,0.020000,1.520000,0.000000,1.000000,0.000000,0.000000,0.000000,0.000000,0.000000,272.500000,17.971530,1.392857,21.232857,0.211935,0.021194,164.416667,16.666667,13.832143,4.610714,0.065484,0.065484,0.291667,0.291667,0.000000,1.416667,10.208333
2011-03-29,5122.300000,0.020000,1.660000,0.000000,1.000000,0.000000,0.000000,0.000000,0.000000,0.000000,272.187500,18.185053,1.394286,20.963571,0.211935,0.021194,164.916667,16.666667,13.823571,4.607857,0.065484,0.065484,0.291667,0.291667,0.000000,1.416667,10.208333
2011-03-30,5150.600000,0.020000,2.070000,0.000000,1.000000,0.000000,0.000000,0.000000,0.000000,0.000000,271.875000,18.362989,1.395714,20.698571,0.211935,0.021194,165.333333,16.666667,13.816429,4.605714,0.065484,0.065484,0.291667,0.291667,0.000000,1.416667,10.208333
2011-03-31,4697.800000,0.020000,2.260000,0.000000,1.000000,0.000000,0.000000,0.000000,0.000000,0.000000,271.562500,18.576512,1.397857,20.438571,0.211935,0.021194,165.750000,16.666667,13.810000,4.603571,0.065484,0.065484,0.291667,0.291667,0.000000,1.416667,10.208333
2011-04-01,5433.600000,0.020000,3.060000,0.000000,1.000000,0.000000,0.000000,0.000000,0.000000,0.000000,270.937500,18.754448,1.400000,20.184286,0.211935,0.021194,166.250000,16.666667,13.804286,4.601429,0.065161,0.065161,0.291667,0.291667,0.000000,1.416667,10.208333
2011-04-02,5122.300000,0.020000,3.620000,0.000000,1.000000,0.000000,0.000000,0.000000,0.000000,0.000000,270.625000,18.932384,1.402143,19.935000,0.211935,0.021194,166.666667,16.666667,13.799286,4.600000,0.065161,0.065161,0.291667,0.291667,0.000000,1.416667,10.208333
2011-04-03,5207.200000,0.020000,3.650000,0.000000,1.000000,0.000000,0.000000,0.000000,0.000000,0.000000,270.312500,19.110320,1.405000,19.690714,0.211935,0.021194,167.166667,16.666667,13.795714,4.598571,0.065161,0.065161,0.291667,0.291667,0.000000,1.416667,10.208333
2011-04-04,5037.400000,0.020000,3.330000,0.000000,1.000000,0.000000,0.000000,0.000000,0.000000,0.000000,270.000000,19.323843,1.407857,19.451429,0.211935,0.021194,167.583333,16.666667,13.792857,4.597857,0.065161,0.065161,0.291667,0.291667,0.000000,1.416667,10.208333
2011-04-05,5207.200000,0.020000,3.990000,0.000000,1.000000,0.000000,0.000000,0.000000,0.000000,0.000000,269.687500,19.501779,1.410714,19.217857,0.211935,0.021194,168.000000,16.666667,13.791429,4.597143,0.065161,0.065161,0.291667,0.291667,0.000000,1.416667,10.208333
2011-04-06,5348.700000,0.020000,3.940000,0.000000,1.000000,0.000000,0.000000,0.000000,0.000000,0.000000,269.687500,19.644128,1.414286,18.989286,0.211935,0.021194,168.500000,16.666667,13.790000,4.596429,0.065161,0.065161,0.291667,0.291667,0.000000,1.416667,10.208333
2011-04-07,5263.800000,0.020000,3.640000,0.000000,1.000000,0.000000,0.000000,0.000000,0.000000,0.000000,269.375000,19.822064,1.418571,18.766429,0.211935,0.021194,168.916667,16.666667,13.790000,4.596429,0.065161,0.065161,0.291667,0.291667,0.000000,1.416667,10.208333
2011-04-08,5065.700000,0.020000,3.690000,0.000000,1.000000,0.000000,0.000000,0.000000,0.000000,0.000000,269.062500,20.000000,1.422143,18.548571,0.211935,0.021194,169.416667,16.666667,13.790714,4.597143,0.065161,0.065161,0.291667,0.291667,0.000000,1.416667,10.208333
2011-04-09,5094.000000,0.020000,4.190000,0.000000,1.000000,0.000000,0.000000,0.000000,0.000000,0.000000,268.750000,20.177936,1.427143,18.335714,0.211935,0.021194,169.833333,16.666667,13.792857,4.597857,0.065161,0.065161,0.291667,0.291667,0.000000,1.416667,10.208333
2011-04-10,5065.700000,0.020000,5.120000,0.000000,1.000000,0.000000,0.000000,0.000000,0.000000,0.000000,268.750000,20.320285,1.431429,18.128571,0.216129,0.021613,170.250000,16.666667,13.795000,4.598571,0.064839,0.064839,0.291667,0.291667,0.000000,1.416667,10.208333
2011-04-11,5178.900000,0.020000,6.440000,0.000000,1.000000,0.000000,0.000000,0.000000,0.000000,0.000000,268.437500,20.498221,1.436429,17.926429,0.216129,0.021613,170.750000,16.666667,13.798571,4.599286,0.064839,0.064839,0.291667,0.291667,0.000000,1.416667,10.208333
2011-04-12,5207.200000,0.020000,6.350000,0.000000,1.000000,0.000000,0.000000,0.000000,0.000000,0.000000,268.437500,20.640569,1.441429,17.730000,0.216129,0.021613,171.166667,16.666667,13.803571,4.601429,0.064839,0.064839,0.291667,0.291667,0.000000,1.416667,10.208333
2011-04-13,5037.400000,0.020000,7.290000,0.000000,1.000000,0.000000,0.000000,0.000000,0.000000,0.000000,268.125000,20.818505,1.447143,17.539286,0.216129,0.021613,171.583333,16.666667,13.808571,4.602857,0.064839,0.064839,0.291667,0.291667,0.000000,1.416667,10.208333
2011-04-14,4980.800000,0.020000,7.880000,0.000000,1.000000,0.000000,0.000000,0.000000,0.000000,0.000000,268.125000,20.960854,1.452143,17.353571,0.216129,0.021613,172.083333,16.666667,13.815000,4.605000,0.065161,0.065161,0.291667,0.291667,0.000000,1.416667,10.208333
2011-04-15,4811.000000,0.020000,8.510000,0.000000,1.000000,0.000000,0.000000,0.000000,0.000000,0.000000,268.125000,21.103203,1.458571,17.172857,0.216129,0.021613,172.500000,16.666667,13.822143,4.607143,0.065161,0.065161,0.291667,0.291667,0.000000,1.416667,10.208333
2011-04-16,4782.700000,0.020000,7.920000,0.000000,1.000000,0.000000,0.000000,0.000000,0.000000,0.000000,267.812500,21.245552,1.464286,16.998571,0.216129,0.021613,172.916667,16.666667,13.830714,4.610000,0.065161,0.065161,0.291667,0.291667,0.000000,1.416667,10.208333
2011-04-17,4216.700000,0.020000,7.710000,0.000000,1.000000,0.000000,0.000000,0.000000,0.000000,0.000000,267.812500,21.423488,1.470714,16.829286,0.216129,0.021613,173.333333,16.666667,13.839286,4.612857,0.065161,0.065161,0.291667,0.291667,0.000000,1.416667,10.208333
2011-04-18,5178.900000,0.020000,6.800000,0.000000,1.000000,0.000000,0.000000,0.000000,0.000000,0.000000,267.812500,21.565836,1.477143,16.665714,0.220323,0.022032,173.750000,16.666667,13.849286,4.616429,0.064839,0.064839,0.291667,0.291667,0.000000,1.416667,10.208333
2011-04-19,4895.900000,0.020000,5.430000,0.000000,1.000000,0.000000,0.000000,0.000000,0.000000,0.000000,267.812500,21.672598,1.483571,16.507857,0.220323,0.022032,174.166667,16.666667,13.860714,4.620000,0.064839,0.064839,0.291667,0.291667,0.000000,1.416667,10.208333
2011-04-20,5009.100000,0.020000,5.390000,0.000000,1.000000,0.000000,0.000000,0.000000,0.000000,0.000000,267.812500,21.814947,1.490714,16.355000,0.220323,0.022032,174.583333,16.666667,13.872143,4.624286,0.064839,0.064839,0.291667,0.291667,0.000000,1.416667,10.208333
2011-04-21,5065.700000,0.020000,5.820000,0.000000,1.000000,0.000000,0.000000,0.000000,0.000000,0.000000,267.812500,21.957295,1.497857,16.208571,0.220323,0.022032,175.000000,16.666667,13.885000,4.628571,0.065161,0.065161,0.291667,0.291667,0.000000,1.416667,10.208333
2011-04-22,5377.000000,0.020000,5.900000,0.000000,1.000000,0.000000,0.000000,0.000000,0.000000,0.000000,267.812500,22.099644,1.505000,16.067143,0.220323,0.022032,175.416667,16.666667,13.898571,4.632857,0.065161,0.065161,0.291667,0.291667,0.000000,1.416667,10.208333
2011-04-23,5433.600000,0.020000,6.040000,0.000000,1.000000,0.000000,0.000000,0.000000,0.000000,0.000000,268.125000,22.206406,1.512857,15.931429,0.220323,0.022032,175.833333,16.666667,13.912857,4.637857,0.065161,0.065161,0.291667,0.291667,0.000000,1.416667,10.208333
2011-04-24,5744.900000,0.020000,7.480000,0.000000,1.000000,0.000000,0.000000,0.000000,0.000000,0.000000,268.125000,22.348754,1.520714,15.802143,0.224839,0.022484,176.250000,16.666667,13.928571,4.642857,0.064839,0.064839,0.291667,0.291667,0.000000,1.416667,10.208333
2011-04-25,5518.500000,0.020000,8.090000,0.000000,1.000000,0.000000,0.000000,0.000000,0.000000,0.000000,268.125000,22.455516,1.528571,15.677857,0.224839,0.022484,176.583333,16.666667,13.945000,4.648571,0.065161,0.065161,0.291667,0.291667,0.000000,1.416667,10.208333
2011-04-26,5065.700000,0.020000,8.560000,0.000000,1.000000,0.000000,0.000000,0.000000,0.000000,0.000000,268.437500,22.597865,1.536429,15.559286,0.224839,0.022484,177.000000,16.666667,13.962143,4.654286,0.065161,0.065161,0.291667,0.291667,0.000000,1.416667,10.208333
2011-04-27,5263.800000,0.020000,9.470000,0.000000,1.000000,0.000000,0.000000,0.000000,0.000000,0.000000,268.437500,22.704626,1.545000,15.446429,0.224839,0.022484,177.333333,16.666667,13.980000,4.660000,0.065161,0.065161,0.291667,0.291667,0.000000,1.416667,10.208333
2011-04-28,5263.800000,0.020000,10.040000,0.000000,1.000000,0.000000,0.000000,0.000000,0.000000,0.000000,268.750000,22.811388,1.552857,15.340000,0.224839,0.022484,177.750000,16.666667,13.999286,4.666429,0.065484,0.065484,0.291667,0.291667,0.000000,1.416667,10.208333
2011-04-29,5122.300000,0.020000,9.110000,0.000000,1.000000,0.000000,0.000000,0.000000,0.000000,0.000000,268.750000,22.953737,1.561429,15.238571,0.224839,0.022484,178.083333,16.666667,14.019286,4.672857,0.065484,0.065484,0.291667,0.291667,0.000000,1.416667,10.208333
2011-04-30,5207.200000,0.020000,8.940000,0.000000,1.000000,0.000000,0.000000,0.000000,0.000000,0.000000,269.062500,23.060498,1.570714,15.143571,0.229032,0.022903,178.416667,16.666667,14.040714,4.680000,0.065161,0.065161,0.291667,0.291667,0.000000,1.416667,10.208333
2011-05-01,4839.300000,0.020000,9.470000,0.000000,1.000000,0.000000,0.000000,0.000000,0.000000,0.000000,269.375000,23.167260,1.579286,15.054286,0.229032,0.022903,178.833333,16.666667,14.062143,4.687143,0.065484,0.065484,0.291667,0.291667,0.000000,1.416667,10.208333
2011-05-02,5207.200000,0.020000,10.360000,0.000000,1.000000,0.000000,0.000000,0.000000,0.000000,0.000000,269.375000,23.274021,1.588571,14.970714,0.229032,0.022903,179.166667,16.666667,14.085000,4.695000,0.065484,0.065484,0.291667,0.291667,0.000000,1.416667,10.208333
2011-05-03,5263.800000,0.020000,10.690000,0.000000,1.000000,0.000000,0.000000,0.000000,0.000000,0.000000,269.687500,23.380783,1.597857,14.892857,0.229032,0.022903,179.500000,16.666667,14.108571,4.702857,0.065484,0.065484,0.291667,0.291667,0.000000,1.416667,10.208333
2011-05-04,5178.900000,0.020000,10.140000,0.000000,1.000000,0.000000,0.000000,0.000000,0.000000,0.000000,270.000000,23.451957,1.607143,14.821429,0.229032,0.022903,179.750000,16.666667,14.133571,4.711429,0.065806,0.065806,0.291667,0.291667,0.000000,1.416667,10.208333
2011-05-05,4980.800000,0.020000,9.920000,0.000000,1.000000,0.000000,0.000000,0.000000,0.000000,0.000000,270.312500,23.558719,1.616429,14.755714,0.229032,0.022903,180.083333,16.666667,14.158571,4.719286,0.065806,0.065806,0.291667,0.291667,0.000000,1.416667,10.208333
2011-05-06,4952.600000,0.020000,10.500000,0.000000,1.000000,0.000000,0.000000,0.000000,0.000000,0.000000,270.625000,23.665480,1.625714,14.695714,0.233226,0.023323,180.416667,16.666667,14.185000,4.728571,0.065806,0.065806,0.291667,0.291667,0.000000,1.416667,10.208333
2011-05-07,4980.800000,0.020000,10.450000,0.000000,1.000000,0.000000,0.000000,0.000000,0.000000,0.000000,270.937500,23.736655,1.635714,14.642143,0.233226,0.023323,180.666667,16.666667,14.212143,4.737143,0.065806,0.065806,0.291667,0.291667,0.000000,1.416667,10.208333
2011-05-08,4952.600000,0.020000,10.820000,0.000000,1.000000,0.000000,0.000000,0.000000,0.000000,0.000000,271.250000,23.843416,1.645714,14.594286,0.233226,0.023323,181.000000,16.666667,14.240714,4.747143,0.066129,0.066129,0.291667,0.291667,0.000000,1.416667,10.208333
2011-05-09,4839.300000,0.020000,11.830000,0.000000,1.000000,0.000000,0.000000,0.000000,0.000000,0.000000,271.562500,23.914591,1.655000,14.552857,0.233226,0.023323,181.250000,16.666667,14.270000,4.756429,0.066129,0.066129,0.291667,0.291667,0.000000,1.416667,10.208333
2011-05-10,4782.700000,0.020000,12.380000,0.000000,1.000000,0.000000,0.000000,0.000000,0.000000,0.000000,272.187500,24.021352,1.665000,14.517143,0.233226,0.023323,181.500000,16.666667,14.300000,4.766429,0.066452,0.066452,0.291667,0.291667,0.000000,1.416667,10.208333
2011-05-11,5235.400000,0.020000,12.440000,0.000000,1.000000,0.000000,0.000000,0.000000,0.000000,0.000000,272.500000,24.092527,1.675714,14.487857,0.233226,0.023323,181.750000,16.666667,14.330714,4.777143,0.066452,0.066452,0.291667,0.291667,0.000000,1.416667,10.208333
2011-05-12,4980.800000,0.020000,13.320000,0.000000,1.000000,0.000000,0.000000,0.000000,0.000000,0.000000,272.812500,24.163701,1.685714,14.464286,0.237419,0.023742,182.000000,16.666667,14.362857,4.787857,0.066452,0.066452,0.291667,0.291667,0.000000,1.416667,10.208333
2011-05-13,5094.000000,0.020000,14.180000,0.000000,1.000000,0.000000,0.000000,0.000000,0.000000,0.000000,273.437500,24.234875,1.695714,14.447143,0.237419,0.023742,182.166667,16.666667,14.395714,4.798571,0.066452,0.066452,0.291667,0.291667,0.000000,1.416667,10.208333
2011-05-14,5178.900000,0.020000,14.440000,0.000000,1.000000,0.000000,0.000000,0.000000,0.000000,0.000000,273.750000,24.306050,1.706429,14.435714,0.237419,0.023742,182.416667,16.666667,14.429286,4.810000,0.066774,0.066774,0.291667,0.291667,0.000000,1.416667,10.208333
2011-05-15,5377.000000,0.020000,13.970000,0.000000,1.000000,0.000000,0.000000,0.000000,0.000000,0.000000,274.375000,24.377224,1.717143,14.431429,0.237419,0.023742,182.583333,16.666667,14.463571,4.821429,0.066774,0.066774,0.291667,0.291667,0.000000,1.416667,10.208333
2011-05-16,5660.000000,0.020000,13.320000,0.000000,1.000000,0.000000,0.000000,0.000000,0.000000,0.000000,275.000000,24.448399,1.727143,14.432143,0.237419,0.023742,182.833333,16.666667,14.499286,4.832857,0.067097,0.067097,0.291667,0.291667,0.000000,1.416667,10.208333
2011-05-17,5575.100000,0.020000,11.690000,0.000000,1.000000,0.000000,0.000000,0.000000,0.000000,0.000000,275.312500,24.519573,1.737857,14.440000,0.237419,0.023742,183.000000,16.666667,14.535714,4.845000,0.067419,0.067419,0.291667,0.291667,0.000000,1.416667,10.208333
2011-05-18,5292.100000,0.020000,11.240000,0.000000,1.000000,0.000000,0.000000,0.000000,0.000000,0.000000,275.937500,24.555160,1.748571,14.453571,0.237419,0.023742,183.166667,16.666667,14.573571,4.857857,0.067419,0.067419,0.291667,0.291667,0.000000,1.416667,10.208333
2011-05-19,5405.300000,0.020000,11.720000,0.000000,1.000000,0.000000,0.000000,0.000000,0.000000,0.000000,276.562500,24.626335,1.759286,14.473571,0.241613,0.024161,183.250000,16.666667,14.611429,4.870714,0.067419,0.067419,0.291667,0.291667,0.000000,1.416667,10.208333
2011-05-20,5348.700000,0.020000,12.080000,0.000000,1.000000,0.000000,0.000000,0.000000,0.000000,0.000000,277.187500,24.697509,1.770000,14.500000,0.241613,0.024161,183.416667,16.666667,14.650714,4.883571,0.067742,0.067742,0.291667,0.291667,0.000000,1.416667,10.208333
2011-05-21,5122.300000,0.020000,13.620000,0.000000,1.000000,0.000000,0.000000,0.000000,0.000000,0.000000,277.812500,24.733096,1.781429,14.532857,0.241613,0.024161,183.500000,16.666667,14.690714,4.897143,0.067742,0.067742,0.291667,0.291667,0.000000,1.416667,10.208333
2011-05-22,4924.200000,0.020000,14.870000,0.000000,1.000000,0.000000,0.000000,0.000000,0.000000,0.000000,278.437500,24.804270,1.792143,14.572143,0.241613,0.024161,183.666667,16.666667,14.732143,4.910714,0.068065,0.068065,0.291667,0.291667,0.000000,1.416667,10.208333
2011-05-23,4754.400000,0.020000,15.420000,0.000000,1.000000,0.000000,0.000000,0.000000,0.000000,0.000000,279.062500,24.839858,1.802857,14.617857,0.241613,0.024161,183.750000,16.666667,14.773571,4.924286,0.068387,0.068387,0.291667,0.291667,0.000000,1.416667,10.208333
2011-05-24,5178.900000,0.020000,15.590000,0.000000,1.000000,0.000000,0.000000,0.000000,0.000000,0.000000,279.687500,24.875445,1.813571,14.669286,0.241613,0.024161,183.833333,16.666667,14.816429,4.938571,0.068387,0.068387,0.291667,0.291667,0.000000,1.416667,10.208333
2011-05-25,4811.000000,0.020000,15.910000,0.000000,1.000000,0.000000,0.000000,0.000000,0.000000,0.000000,280.312500,24.911032,1.825000,14.727857,0.241613,0.024161,183.833333,16.666667,14.860714,4.953571,0.068710,0.068710,0.291667,0.291667,0.000000,1.416667,10.208333
2011-05-26,5207.200000,0.020000,15.320000,0.000000,1.000000,0.000000,0.000000,0.000000,0.000000,0.000000,281.250000,24.982206,1.835714,14.792857,0.241613,0.024161,183.916667,16.666667,14.905000,4.968571,0.069032,0.069032,0.291667,0.291667,0.000000,1.416667,10.208333
2011-05-27,5461.900000,0.020000,15.510000,0.000000,1.000000,0.000000,0.000000,0.000000,0.000000,0.000000,281.875000,25.017794,1.847143,14.864286,0.241613,0.024161,183.916667,16.666667,14.950714,4.983571,0.069355,0.069355,0.291667,0.291667,0.000000,1.416667,10.208333
2011-05-28,5235.400000,0.020000,15.100000,0.000000,1.000000,0.000000,0.000000,0.000000,0.000000,0.000000,282.812500,25.053381,1.857857,14.941429,0.241613,0.024161,183.916667,16.666667,14.997143,4.999286,0.069677,0.069677,0.291667,0.291667,0.000000,1.416667,10.208333
2011-05-29,5490.200000,0.020000,14.350000,0.000000,1.000000,0.000000,0.000000,0.000000,0.000000,0.000000,283.437500,25.053381,1.869286,15.025714,0.245806,0.024581,183.916667,16.666667,15.044286,5.015000,0.069355,0.069355,0.291667,0.291667,0.000000,1.416667,10.208333
2011-05-30,5461.900000,0.020000,14.490000,0.000000,1.000000,0.000000,0.000000,0.000000,0.000000,0.000000,284.375000,25.088968,1.880000,15.117143,0.245806,0.024581,183.916667,16.666667,15.092857,5.030714,0.069677,0.069677,0.291667,0.291667,0.000000,1.416667,10.208333
2011-05-31,5009.100000,0.020000,15.840000,0.000000,1.000000,0.000000,0.000000,0.000000,0.000000,0.000000,285.000000,25.124555,1.891429,15.214286,0.245806,0.024581,183.833333,16.666667,15.142143,5.047143,0.070000,0.070000,0.291667,0.291667,0.000000,1.416667,10.208333
2011-06-01,5178.900000,0.020000,16.130000,0.000000,1.000000,0.000000,0.000000,0.000000,0.000000,0.000000,285.937500,25.160142,1.902143,15.318571,0.245806,0.024581,183.750000,16.666667,15.192143,5.064286,0.070323,0.070323,0.291667,0.291667,0.000000,1.416667,10.208333
2011-06-02,5207.200000,0.020000,15.410000,0.000000,1.000000,0.000000,0.000000,0.000000,0.000000,0.000000,286.875000,25.160142,1.913571,15.429286,0.245806,0.024581,183.750000,16.666667,15.243571,5.081429,0.070645,0.070645,0.291667,0.291667,0.000000,1.416667,10.208333
2011-06-03,5065.700000,0.020000,15.850000,0.000000,1.000000,0.000000,0.000000,0.000000,0.000000,0.000000,287.812500,25.195730,1.924286,15.546429,0.245806,0.024581,183.583333,16.666667,15.295714,5.098571,0.070968,0.070968,0.291667,0.291667,0.000000,1.416667,10.208333
2011-06-04,5263.800000,0.020000,16.920000,0.000000,1.000000,0.000000,0.000000,0.000000,0.000000,0.000000,288.437500,25.195730,1.935000,15.670000,0.245806,0.024581,183.500000,16.666667,15.348571,5.116429,0.071290,0.071290,0.291667,0.291667,0.000000,1.416667,10.208333
2011-06-05,5150.600000,0.020000,18.240000,0.000000,1.000000,0.000000,0.000000,0.000000,0.000000,0.000000,289.375000,25.231317,1.946429,15.800714,0.245806,0.024581,183.333333,16.666667,15.402143,5.134286,0.071613,0.071613,0.291667,0.291667,0.000000,1.416667,10.208333
2011-06-06,4980.800000,0.020000,19.560000,0.000000,1.000000,0.000000,0.000000,0.000000,0.000000,0.000000,290.312500,25.231317,1.957143,15.938571,0.245806,0.024581,183.166667,16.666667,15.457143,5.152143,0.071935,0.071935,0.291667,0.291667,0.000000,1.416667,10.208333
2011-06-07,4811.000000,0.020000,20.560000,0.000000,1.000000,0.000000,0.000000,0.000000,0.000000,0.000000,291.562500,25.231317,1.967857,16.082143,0.245806,0.024581,183.000000,16.666667,15.512143,5.170714,0.072258,0.072258,0.291667,0.291667,0.000000,1.416667,10.208333
2011-06-08,4811.000000,0.020000,20.360000,0.000000,1.000000,0.000000,0.000000,0.000000,0.000000,0.000000,292.500000,25.231317,1.978571,16.233571,0.245806,0.024581,182.833333,16.666667,15.569286,5.190000,0.072581,0.072581,0.291667,0.291667,0.000000,1.416667,10.208333
2011-06-09,5094.000000,0.020000,19.670000,0.000000,1.000000,0.000000,0.000000,0.000000,0.000000,0.000000,293.437500,25.231317,1.990000,16.390714,0.245806,0.024581,182.583333,16.666667,15.626429,5.208571,0.072903,0.072903,0.291667,0.291667,0.000000,1.416667,10.208333
2011-06-10,4612.900000,0.020000,18.750000,0.000000,1.000000,0.000000,0.000000,0.000000,0.000000,0.000000,294.375000,25.231317,2.000714,16.555714,0.241613,0.024161,182.333333,16.666667,15.685000,5.228571,0.073548,0.073548,0.291667,0.291667,0.000000,1.416667,10.208333
2011-06-11,5065.700000,0.020000,18.160000,0.000000,1.000000,0.000000,0.000000,0.000000,0.000000,0.000000,295.625000,25.231317,2.011429,16.727143,0.241613,0.024161,182.083333,16.666667,15.744286,5.247857,0.073871,0.073871,0.291667,0.291667,0.000000,1.416667,10.208333
2011-06-12,5065.700000,0.020000,18.750000,0.000000,1.000000,0.000000,0.000000,0.000000,0.000000,0.000000,296.562500,25.231317,2.021429,16.905000,0.241613,0.024161,181.833333,16.666667,15.804286,5.267857,0.074194,0.074194,0.291667,0.291667,0.000000,1.416667,10.208333
2011-06-13,5094.000000,0.020000,18.960000,0.000000,1.000000,0.000000,0.000000,0.000000,0.000000,0.000000,297.812500,25.231317,2.032143,17.090000,0.241613,0.024161,181.500000,16.666667,15.865714,5.288571,0.074516,0.074516,0.291667,0.291667,0.000000,1.416667,10.208333
2011-06-14,5377.000000,0.020000,18.410000,0.000000,1.000000,0.000000,0.000000,0.000000,0.000000,0.000000,298.750000,25.195730,2.042857,17.282143,0.241613,0.024161,181.166667,16.666667,15.927143,5.309286,0.074839,0.074839,0.291667,0.291667,0.000000,1.416667,10.208333
2011-06-15,5235.400000,0.020000,18.520000,0.000000,1.000000,0.000000,0.000000,0.000000,0.000000,0.000000,300.000000,25.195730,2.053571,17.481429,0.241613,0.024161,180.833333,16.666667,15.990714,5.330000,0.075161,0.075161,0.291667,0.291667,0.000000,1.416667,10.208333
2011-06-16,5575.100000,0.020000,18.370000,0.000000,1.000000,0.000000,0.000000,0.000000,0.000000,0.000000,300.937500,25.195730,2.063571,17.687143,0.241613,0.024161,180.500000,16.666667,16.054286,5.351429,0.075484,0.075484,0.291667,0.291667,0.000000,1.416667,10.208333
2011-06-17,5688.300000,0.020000,18.280000,0.000000,1.000000,0.000000,0.000000,0.000000,0.000000,0.000000,302.187500,25.160142,2.073571,17.900000,0.241613,0.024161,180.083333,16.666667,16.119286,5.372857,0.075806,0.075806,0.291667,0.291667,0.000000,1.416667,10.208333
2011-06-18,5433.600000,0.020000,18.740000,0.000000,1.000000,0.000000,0.000000,0.000000,0.000000,0.000000,303.437500,25.124555,2.083571,18.120000,0.237419,0.023742,179.666667,16.666667,16.185000,5.395000,0.076774,0.076774,0.291667,0.291667,0.000000,1.416667,10.208333
2011-06-19,5320.400000,0.020000,19.250000,0.000000,1.000000,0.000000,0.000000,0.000000,0.000000,0.000000,304.687500,25.124555,2.094286,18.346429,0.237419,0.023742,179.250000,16.666667,16.251429,5.417143,0.077097,0.077097,0.291667,0.291667,0.000000,1.416667,10.208333
2011-06-20,5433.600000,0.020000,19.320000,0.000000,1.000000,0.000000,0.000000,0.000000,0.000000,0.000000,305.937500,25.088968,2.103571,18.580714,0.237419,0.023742,178.750000,16.666667,16.318571,5.439286,0.077419,0.077419,0.291667,0.291667,0.000000,1.416667,10.208333
2011-06-21,5122.300000,0.020000,19.840000,0.000000,1.000000,0.000000,0.000000,0.000000,0.000000,0.000000,307.187500,25.053381,2.113571,18.821429,0.237419,0.023742,178.333333,16.666667,16.387143,5.462143,0.078065,0.078065,0.291667,0.291667,0.000000,1.416667,10.208333
2011-06-22,5037.400000,0.020000,20.350000,0.000000,1.000000,0.000000,0.000000,0.000000,0.000000,0.000000,308.437500,25.017794,2.123571,19.070000,0.237419,0.023742,177.750000,16.666667,16.456429,5.485714,0.078387,0.078387,0.291667,0.291667,0.000000,1.416667,10.208333
2011-06-23,5037.400000,0.020000,20.620000,0.000000,1.000000,0.000000,0.000000,0.000000,0.000000,0.000000,309.687500,24.982206,2.132857,19.325000,0.233226,0.023323,177.250000,16.666667,16.526429,5.508571,0.079032,0.079032,0.291667,0.291667,0.000000,1.416667,10.208333
2011-06-24,5235.400000,0.020000,20.250000,0.000000,1.000000,0.000000,0.000000,0.000000,0.000000,0.000000,310.937500,24.946619,2.142143,19.587857,0.233226,0.023323,176.666667,16.666667,16.597857,5.532857,0.079355,0.079355,0.291667,0.291667,0.000000,1.416667,10.208333
2011-06-25,5178.900000,0.020000,19.780000,0.000000,1.000000,0.000000,0.000000,0.000000,0.000000,0.000000,312.500000,24.911032,2.151429,19.857143,0.233226,0.023323,176.083333,16.666667,16.670000,5.556429,0.080000,0.080000,0.291667,0.291667,0.000000,1.416667,10.208333
2011-06-26,5235.400000,0.020000,19.340000,0.000000,1.000000,0.000000,0.000000,0.000000,0.000000,0.000000,313.750000,24.875445,2.160714,20.134286,0.233226,0.023323,175.500000,16.666667,16.742857,5.580714,0.080323,0.080323,0.291667,0.291667,0.000000,1.416667,10.208333
2011-06-27,4839.300000,0.020000,20.220000,0.000000,1.000000,0.000000,0.000000,0.000000,0.000000,0.000000,315.312500,24.804270,2.170000,20.417857,0.229032,0.022903,174.833333,16.666667,16.817143,5.605714,0.080968,0.080968,0.291667,0.291667,0.000000,1.416667,10.208333
2011-06-28,5122.300000,0.020000,20.930000,0.000000,1.000000,0.000000,0.000000,0.000000,0.000000,0.000000,316.562500,24.768683,2.178571,20.709286,0.229032,0.022903,174.166667,16.666667,16.891429,5.630714,0.081613,0.081613,0.291667,0.291667,0.000000,1.416667,10.208333
2011-06-29,5320.400000,0.020000,20.970000,0.000000,1.000000,0.000000,0.000000,0.000000,0.000000,0.000000,318.125000,24.697509,2.187857,21.007857,0.229032,0.022903,173.500000,16.666667,16.967143,5.655714,0.081935,0.081935,0.291667,0.291667,0.000000,1.416667,10.208333
2011-06-30,5433.600000,0.020000,20.200000,0.000000,1.000000,0.000000,0.000000,0.000000,0.000000,0.000000,319.375000,24.661922,2.196429,21.313571,0.224839,0.022484,172.750000,16.666667,17.044286,5.681429,0.082581,0.082581,0.291667,0.291667,0.000000,1.416667,10.208333
2011-07-01,5122.300000,0.020000,20.990000,0.000000,1.000000,0.000000,0.000000,0.000000,0.000000,0.000000,320.937500,24.590747,2.205000,21.627143,0.224839,0.022484,172.000000,16.666667,17.121429,5.707143,0.083226,0.083226,0.291667,0.291667,0.000000,1.416667,10.208333
2011-07-02,5009.100000,0.020000,22.150000,0.000000,1.000000,0.000000,0.000000,0.000000,0.000000,0.000000,322.500000,24.555160,2.212857,21.947857,0.220323,0.022032,171.250000,16.666667,17.200000,5.733571,0.083871,0.083871,0.291667,0.291667,0.000000,1.416667,10.208333
2011-07-03,5150.600000,0.020000,22.500000,0.000000,1.000000,0.000000,0.000000,0.000000,0.000000,0.000000,323.750000,24.483986,2.220714,22.275714,0.220323,0.022032,170.416667,16.666667,17.279286,5.760000,0.084516,0.084516,0.291667,0.291667,0.000000,1.416667,10.208333
2011-07-04,5122.300000,0.020000,22.490000,0.000000,1.000000,0.000000,0.000000,0.000000,0.000000,0.000000,325.312500,24.412811,2.229286,22.610714,0.220323,0.022032,169.583333,16.666667,17.360000,5.786429,0.084839,0.084839,0.291667,0.291667,0.000000,1.416667,10.208333
2011-07-05,5094.000000,0.020000,22.810000,0.000000,1.000000,0.000000,0.000000,0.000000,0.000000,0.000000,326.875000,24.341637,2.236429,22.953571,0.216129,0.021613,168.750000,16.666667,17.440714,5.813571,0.085806,0.085806,0.291667,0.291667,0.000000,1.416667,10.208333
2011-07-06,5348.700000,0.020000,23.210000,0.000000,1.000000,0.000000,0.000000,0.000000,0.000000,0.000000,328.437500,24.270463,2.244286,23.303571,0.216129,0.021613,167.833333,16.666667,17.522857,5.840714,0.086129,0.086129,0.291667,0.291667,0.000000,1.416667,10.208333
2011-07-07,5065.700000,0.020000,23.310000,0.000000,1.000000,0.000000,0.000000,0.000000,0.000000,0.000000,330.000000,24.199288,2.251429,23.661429,0.211935,0.021194,166.916667,16.666667,17.606429,5.868571,0.087097,0.087097,0.291667,0.291667,0.000000,1.416667,10.208333
2011-07-08,5207.200000,0.020000,23.260000,0.000000,1.000000,0.000000,0.000000,0.000000,0.000000,0.000000,331.562500,24.128114,2.258571,24.026429,0.210645,0.021065,166.000000,16.666667,17.690000,5.896429,0.087419,0.087419,0.291667,0.291667,0.000000,1.416667,10.208333
2011-07-09,5292.100000,0.020000,23.680000,0.000000,1.000000,0.000000,0.000000,0.000000,0.000000,0.000000,333.125000,24.056940,2.265714,24.398571,0.208710,0.020871,165.000000,16.666667,17.775000,5.925000,0.088387,0.088387,0.291667,0.291667,0.000000,1.416667,10.208333
2011-07-10,5094.000000,0.020000,24.190000,0.000000,1.000000,0.000000,0.000000,0.000000,0.000000,0.000000,335.000000,23.950178,2.272143,24.779286,0.206129,0.020613,164.000000,16.666667,17.860714,5.953571,0.089032,0.089032,0.291667,0.291667,0.000000,1.416667,10.208333
2011-07-11,5094.000000,0.020000,24.350000,0.000000,1.000000,0.000000,0.000000,0.000000,0.000000,0.000000,336.562500,23.879004,2.279286,25.166429,0.203548,0.020355,162.916667,16.666667,17.947143,5.982143,0.089677,0.089677,0.291667,0.291667,0.000000,1.416667,10.208333
2011-07-12,5235.400000,0.020000,23.810000,0.000000,1.000000,0.000000,0.000000,0.000000,0.000000,0.000000,338.125000,23.772242,2.285000,25.562143,0.200968,0.020097,161.833333,16.666667,18.035000,6.011429,0.090323,0.090323,0.291667,0.291667,0.000000,1.416667,10.208333
2011-07-13,5150.600000,0.020000,23.890000,0.000000,1.000000,0.000000,0.000000,0.000000,0.000000,0.000000,340.000000,23.701068,2.291429,25.965000,0.198387,0.019839,160.750000,16.666667,18.123571,6.041429,0.091290,0.091290,0.291667,0.291667,0.000000,1.416667,10.208333
2011-07-14,4952.600000,0.030000,23.530000,0.000000,1.000000,0.000000,0.000000,0.000000,0.000000,0.000000,381.562500,29.786477,3.042143,60.824286,0.504516,0.050452,169.916667,16.666667,17.962143,5.987143,0.064194,0.064194,0.291667,0.291667,0.000000,1.416667,10.208333
2011-07-15,4924.200000,0.030000,23.530000,0.000000,1.000000,0.000000,0.000000,0.000000,0.000000,0.000000,379.687500,29.145907,2.997143,60.207143,0.496129,0.049613,168.916667,16.666667,17.875000,5.958571,0.064194,0.064194,0.291667,0.291667,0.000000,1.416667,10.208333
2011-07-16,4980.800000,0.030000,24.050000,0.000000,1.000000,0.000000,0.000000,0.000000,0.000000,0.000000,377.812500,28.540925,2.952857,59.592857,0.487742,0.048774,168.000000,16.666667,17.789286,5.930000,0.064516,0.064516,0.291667,0.291667,0.000000,1.416667,10.208333
2011-07-17,5037.400000,0.030000,24.650000,0.000000,1.000000,0.000000,0.000000,0.000000,0.000000,0.000000,375.937500,27.935943,2.908571,58.981429,0.479032,0.047903,167.166667,16.666667,17.704286,5.901429,0.064839,0.064839,0.291667,0.291667,0.000000,1.416667,10.208333
2011-07-18,5178.900000,0.030000,25.070000,0.000000,1.000000,0.000000,0.000000,0.000000,0.000000,0.000000,374.062500,27.330961,2.865714,58.373571,0.470645,0.047065,166.250000,16.666667,17.620000,5.873571,0.065161,0.065161,0.291667,0.291667,0.000000,1.416667,10.208333
2011-07-19,4952.600000,0.030000,25.340000,0.000000,1.000000,0.000000,0.000000,0.000000,0.000000,0.000000,372.500000,26.725979,2.823571,57.768571,0.466452,0.046645,165.416667,16.666667,17.537143,5.845714,0.065161,0.065161,0.291667,0.291667,0.000000,1.416667,10.208333
2011-07-20,5037.400000,0.030000,25.860000,0.000000,1.000000,0.000000,0.000000,0.000000,0.000000,0.000000,370.625000,26.156584,2.782143,57.166429,0.458065,0.045806,164.666667,16.666667,17.455000,5.818571,0.065161,0.065161,0.291667,0.291667,0.000000,1.416667,10.208333
2011-07-21,5178.900000,0.030000,26.080000,0.000000,1.000000,0.000000,0.000000,0.000000,0.000000,0.000000,368.750000,25.551601,2.740714,56.567857,0.449355,0.044935,163.916667,16.666667,17.373571,5.791429,0.065484,0.065484,0.291667,0.291667,0.000000,1.416667,10.208333
2011-07-22,5122.300000,0.030000,26.370000,0.000000,1.000000,0.000000,0.000000,0.000000,0.000000,0.000000,366.875000,24.982206,2.700714,55.972143,0.440968,0.044097,163.166667,16.666667,17.292857,5.764286,0.065806,0.065806,0.291667,0.291667,0.000000,1.416667,10.208333
2011-07-23,5094.000000,0.020000,26.330000,0.000000,1.000000,0.000000,0.000000,0.000000,0.000000,0.000000,365.000000,24.377224,2.661429,55.380000,0.436774,0.043677,162.416667,16.666667,17.213571,5.737857,0.065806,0.065806,0.291667,0.291667,0.000000,1.416667,10.208333
2011-07-24,5122.300000,0.020000,26.010000,0.000000,1.000000,0.000000,0.000000,0.000000,0.000000,0.000000,363.125000,23.807829,2.622857,54.790714,0.428387,0.042839,161.750000,16.666667,17.135000,5.711429,0.066129,0.066129,0.291667,0.291667,0.000000,1.416667,10.208333
2011-07-25,5065.700000,0.020000,26.490000,0.000000,1.000000,0.000000,0.000000,0.000000,0.000000,0.000000,361.562500,23.238434,2.585000,54.205000,0.419677,0.041968,161.083333,16.666667,17.057143,5.685714,0.066129,0.066129,0.291667,0.291667,0.000000,1.416667,10.208333
2011-07-26,5150.600000,0.020000,26.290000,0.000000,1.000000,0.000000,0.000000,0.000000,0.000000,0.000000,359.687500,22.669039,2.547857,53.622143,0.415484,0.041548,160.416667,16.666667,16.980000,5.660000,0.066129,0.066129,0.291667,0.291667,0.000000,1.416667,10.208333
2011-07-27,5065.700000,0.020000,25.750000,0.000000,1.000000,0.000000,0.000000,0.000000,0.000000,0.000000,357.812500,22.135231,2.511429,53.042857,0.407097,0.040710,159.833333,16.666667,16.904286,5.635000,0.066452,0.066452,0.291667,0.291667,0.000000,1.416667,10.208333
2011-07-28,5235.400000,0.020000,25.390000,0.000000,1.000000,0.000000,0.000000,0.000000,0.000000,0.000000,355.937500,21.565836,2.475000,52.466429,0.402903,0.040290,159.250000,16.666667,16.829286,5.610000,0.066452,0.066452,0.291667,0.291667,0.000000,1.416667,10.208333
2011-07-29,5235.400000,0.020000,25.520000,0.000000,1.000000,0.000000,0.000000,0.000000,0.000000,0.000000,354.375000,20.996441,2.440000,51.894286,0.394194,0.039419,158.666667,16.666667,16.755714,5.585000,0.066774,0.066774,0.291667,0.291667,0.000000,1.416667,10.208333
2011-07-30,5150.600000,0.020000,25.880000,0.000000,1.000000,0.000000,0.000000,0.000000,0.000000,0.000000,352.500000,20.462633,2.405714,51.324286,0.390000,0.039000,158.166667,16.666667,16.682143,5.560714,0.066774,0.066774,0.291667,0.291667,0.000000,1.416667,10.208333
2011-07-31,5094.000000,0.020000,26.170000,0.000000,1.000000,0.000000,0.000000,0.000000,0.000000,0.000000,350.625000,19.928826,2.372143,50.758571,0.381613,0.038161,157.666667,16.666667,16.610000,5.536429,0.066774,0.066774,0.291667,0.291667,0.000000,1.416667,10.208333
2011-08-01,5207.200000,0.020000,26.210000,0.000000,1.000000,0.000000,0.000000,0.000000,0.000000,0.000000,349.062500,19.359431,2.338571,50.195714,0.377419,0.037742,157.166667,16.666667,16.538571,5.512857,0.066774,0.066774,0.291667,0.291667,0.000000,1.416667,10.208333
2011-08-02,5009.100000,0.020000,26.580000,0.000000,1.000000,0.000000,0.000000,0.000000,0.000000,0.000000,347.187500,18.825623,2.306429,49.636429,0.373226,0.037323,156.666667,16.666667,16.468571,5.489286,0.066774,0.066774,0.291667,0.291667,0.000000,1.416667,10.208333
2011-08-03,4952.600000,0.020000,26.590000,0.000000,1.000000,0.000000,0.000000,0.000000,0.000000,0.000000,345.625000,18.291815,2.274286,49.080714,0.364516,0.036452,156.250000,16.666667,16.398571,5.466429,0.067097,0.067097,0.291667,0.291667,0.000000,1.416667,10.208333
2011-08-04,4924.200000,0.020000,26.230000,0.000000,1.000000,0.000000,0.000000,0.000000,0.000000,0.000000,343.750000,17.793594,2.243571,48.528571,0.360323,0.036032,155.833333,16.666667,16.330000,5.443571,0.067097,0.067097,0.291667,0.291667,0.000000,1.416667,10.208333
2011-08-05,4895.900000,0.020000,26.270000,0.000000,1.000000,0.000000,0.000000,0.000000,0.000000,0.000000,342.187500,17.259786,2.212857,47.980000,0.356129,0.035613,155.416667,16.666667,16.262857,5.420714,0.067097,0.067097,0.291667,0.291667,0.000000,1.416667,10.208333
2011-08-06,5065.700000,0.020000,26.570000,0.000000,1.000000,0.000000,0.000000,0.000000,0.000000,0.000000,340.312500,16.725979,2.182857,47.434286,0.347742,0.034774,155.083333,16.666667,16.195714,5.398571,0.067419,0.067419,0.291667,0.291667,0.000000,1.416667,10.208333
2011-08-07,5207.200000,0.020000,26.450000,0.000000,1.000000,0.000000,0.000000,0.000000,0.000000,0.000000,338.750000,16.227758,2.154286,46.892857,0.343548,0.034355,154.750000,16.666667,16.130000,5.376429,0.067419,0.067419,0.291667,0.291667,0.000000,1.416667,10.208333
2011-08-08,5037.400000,0.020000,26.330000,0.000000,1.000000,0.000000,0.000000,0.000000,0.000000,0.000000,337.187500,15.729537,2.125714,46.355000,0.339032,0.033903,154.416667,16.666667,16.065000,5.355000,0.067419,0.067419,0.291667,0.291667,0.000000,1.416667,10.208333
2011-08-09,5009.100000,0.020000,26.070000,0.000000,1.000000,0.000000,0.000000,0.000000,0.000000,0.000000,335.312500,15.231317,2.097857,45.820000,0.334839,0.033484,154.083333,16.666667,16.000714,5.333571,0.067419,0.067419,0.291667,0.291667,0.000000,1.416667,10.208333
2011-08-10,5150.600000,0.020000,25.760000,0.000000,1.000000,0.000000,0.000000,0.000000,0.000000,0.000000,333.750000,14.733096,2.070714,45.289286,0.330645,0.033065,153.833333,16.666667,15.937857,5.312857,0.067419,0.067419,0.291667,0.291667,0.000000,1.416667,10.208333
2011-08-11,5037.400000,0.020000,24.980000,0.000000,1.000000,0.000000,0.000000,0.000000,0.000000,0.000000,332.187500,14.234875,2.043571,44.762143,0.326452,0.032645,153.583333,16.666667,15.875714,5.292143,0.067419,0.067419,0.291667,0.291667,0.000000,1.416667,10.208333
2011-08-12,4924.200000,0.020000,24.550000,0.000000,1.000000,0.000000,0.000000,0.000000,0.000000,0.000000,330.625000,13.736655,2.017857,44.238571,0.318065,0.031806,153.333333,16.666667,15.814286,5.271429,0.067742,0.067742,0.291667,0.291667,0.000000,1.416667,10.208333
2011-08-13,4952.600000,0.020000,24.440000,0.000000,1.000000,0.000000,0.000000,0.000000,0.000000,0.000000,329.062500,13.238434,1.992143,43.718571,0.313871,0.031387,153.166667,16.666667,15.754286,5.251429,0.067742,0.067742,0.291667,0.291667,0.000000,1.416667,10.208333
2011-08-14,5065.700000,0.020000,24.290000,0.000000,1.000000,0.000000,0.000000,0.000000,0.000000,0.000000,327.500000,12.775801,1.967857,43.202143,0.309355,0.030935,152.916667,16.666667,15.695000,5.231429,0.067742,0.067742,0.291667,0.291667,0.000000,1.416667,10.208333
2011-08-15,5065.700000,0.020000,23.640000,0.000000,1.000000,0.000000,0.000000,0.000000,0.000000,0.000000,325.937500,12.277580,1.943571,42.690000,0.305161,0.030516,152.750000,16.666667,15.636429,5.212143,0.067742,0.067742,0.291667,0.291667,0.000000,1.416667,10.208333
2011-08-16,5122.300000,0.020000,23.490000,0.000000,1.000000,0.000000,0.000000,0.000000,0.000000,0.000000,324.375000,11.814947,1.920000,42.180714,0.300968,0.030097,152.583333,16.666667,15.578571,5.192857,0.067742,0.067742,0.291667,0.291667,0.000000,1.416667,10.208333
2011-08-17,5122.300000,0.020000,23.740000,0.000000,1.000000,0.000000,0.000000,0.000000,0.000000,0.000000,322.812500,11.352313,1.897143,41.675714,0.296774,0.029677,152.500000,16.666667,15.522143,5.174286,0.068065,0.068065,0.291667,0.291667,0.000000,1.416667,10.208333
2011-08-18,5065.700000,0.020000,23.940000,0.000000,1.000000,0.000000,0.000000,0.000000,0.000000,0.000000,321.250000,10.889680,1.874286,41.175000,0.296774,0.029677,152.333333,16.666667,15.466429,5.155714,0.067742,0.067742,0.291667,0.291667,0.000000,1.416667,10.208333
2011-08-19,5094.000000,0.020000,24.000000,0.000000,1.000000,0.000000,0.000000,0.000000,0.000000,0.000000,320.000000,10.427046,1.852857,40.677857,0.292581,0.029258,152.250000,16.666667,15.411429,5.137143,0.067742,0.067742,0.291667,0.291667,0.000000,1.416667,10.208333
2011-08-20,5009.100000,0.020000,24.340000,0.000000,1.000000,0.000000,0.000000,0.000000,0.000000,0.000000,318.437500,9.964413,1.831429,40.184286,0.288387,0.028839,152.166667,16.666667,15.357143,5.119286,0.067742,0.067742,0.291667,0.291667,0.000000,1.416667,10.208333
2011-08-21,5263.800000,0.020000,24.270000,0.000000,1.000000,0.000000,0.000000,0.000000,0.000000,0.000000,316.875000,9.537367,1.810714,39.694286,0.284194,0.028419,152.166667,16.666667,15.304286,5.101429,0.067742,0.067742,0.291667,0.291667,0.000000,1.416667,10.208333
2011-08-22,5235.400000,0.020000,23.780000,0.000000,1.000000,0.000000,0.000000,0.000000,0.000000,0.000000,315.625000,9.074733,1.790714,39.209286,0.279677,0.027968,152.083333,16.666667,15.252143,5.084286,0.067742,0.067742,0.291667,0.291667,0.000000,1.416667,10.208333
2011-08-23,4980.800000,0.020000,23.550000,0.000000,1.000000,0.000000,0.000000,0.000000,0.000000,0.000000,314.062500,8.647687,1.771429,38.727143,0.275484,0.027548,152.083333,16.666667,15.200714,5.067143,0.067742,0.067742,0.291667,0.291667,0.000000,1.416667,10.208333
2011-08-24,4612.900000,0.020000,23.520000,0.000000,1.000000,0.000000,0.000000,0.000000,0.000000,0.000000,312.812500,8.185053,1.752143,38.249286,0.275484,0.027548,152.083333,16.666667,15.150714,5.050000,0.067742,0.067742,0.291667,0.291667,0.000000,1.416667,10.208333
2011-08-25,5150.600000,0.020000,23.670000,0.000000,1.000000,0.000000,0.000000,0.000000,0.000000,0.000000,311.562500,7.758007,1.733571,37.775714,0.271290,0.027129,152.083333,16.666667,15.101429,5.033571,0.067742,0.067742,0.291667,0.291667,0.000000,1.416667,10.208333
2011-08-26,4952.600000,0.020000,23.340000,0.000000,1.000000,0.000000,0.000000,0.000000,0.000000,0.000000,310.312500,8.967972,1.715714,37.305714,0.267097,0.026710,152.083333,16.666667,15.052857,5.017857,0.067742,0.067742,0.291667,0.291667,0.000000,1.416667,10.208333
2011-08-27,5009.100000,0.020000,23.420000,0.000000,1.000000,0.000000,0.000000,0.000000,0.000000,0.000000,308.750000,9.964413,1.698571,36.840000,0.262903,0.026290,152.166667,16.666667,15.005000,5.001429,0.067742,0.067742,0.291667,0.291667,0.000000,1.416667,10.208333
2011-08-28,5207.200000,0.020000,23.390000,0.000000,1.000000,0.000000,0.000000,0.000000,0.000000,0.000000,307.500000,10.889680,1.682143,36.378571,0.262903,0.026290,152.166667,16.666667,14.958571,4.986429,0.067742,0.067742,0.291667,0.291667,0.000000,1.416667,10.208333
2011-08-29,5094.000000,0.020000,22.820000,0.000000,1.000000,0.000000,0.000000,0.000000,0.000000,0.000000,306.250000,11.814947,1.665714,35.920714,0.258710,0.025871,152.250000,16.666667,14.912857,4.970714,0.067742,0.067742,0.291667,0.291667,0.000000,1.416667,10.208333
2011-08-30,5094.000000,0.020000,22.560000,0.000000,1.000000,0.000000,0.000000,0.000000,0.000000,0.000000,305.000000,12.704626,1.650000,35.467143,0.254516,0.025452,152.333333,16.666667,14.867857,4.955714,0.067742,0.067742,0.291667,0.291667,0.000000,1.416667,10.208333
2011-08-31,5009.100000,0.020000,22.480000,0.000000,1.000000,0.000000,0.000000,0.000000,0.000000,0.000000,303.750000,13.558719,1.635000,35.017857,0.254516,0.025452,152.500000,16.666667,14.824286,4.941429,0.067419,0.067419,0.291667,0.291667,0.000000,1.416667,10.208333
2011-09-01,5094.000000,0.020000,22.710000,0.000000,1.000000,0.000000,0.000000,0.000000,0.000000,0.000000,302.500000,14.377224,1.620000,34.572857,0.250000,0.025000,152.583333,16.666667,14.780714,4.927143,0.067742,0.067742,0.291667,0.291667,0.000000,1.416667,10.208333
2011-09-02,4980.800000,0.020000,23.440000,0.000000,1.000000,0.000000,0.000000,0.000000,0.000000,0.000000,301.562500,15.195730,1.605714,34.131429,0.250000,0.025000,152.750000,16.666667,14.738571,4.912857,0.067419,0.067419,0.291667,0.291667,0.000000,1.416667,10.208333
2011-09-03,4895.900000,0.020000,24.100000,0.000000,1.000000,0.000000,0.000000,0.000000,0.000000,0.000000,300.312500,15.943060,1.592143,33.695000,0.245806,0.024581,152.916667,16.666667,14.697857,4.899286,0.067419,0.067419,0.291667,0.291667,0.000000,1.416667,10.208333
2011-09-04,5037.400000,0.020000,24.460000,0.000000,1.000000,0.000000,0.000000,0.000000,0.000000,0.000000,299.062500,16.690391,1.579286,33.262143,0.245806,0.024581,153.083333,16.666667,14.657143,4.885714,0.067419,0.067419,0.291667,0.291667,0.000000,1.416667,10.208333
2011-09-05,5178.900000,0.020000,23.610000,0.000000,1.000000,0.000000,0.000000,0.000000,0.000000,0.000000,298.125000,17.402135,1.566429,32.833571,0.241613,0.024161,153.250000,16.666667,14.617857,4.872857,0.067419,0.067419,0.291667,0.291667,0.000000,1.416667,10.208333
2011-09-06,5122.300000,0.020000,21.990000,0.000000,1.000000,0.000000,0.000000,0.000000,0.000000,0.000000,296.875000,18.113879,1.554286,32.409286,0.241613,0.024161,153.416667,16.666667,14.580000,4.860000,0.067097,0.067097,0.291667,0.291667,0.000000,1.416667,10.208333
2011-09-07,5292.100000,0.020000,20.460000,0.000000,1.000000,0.000000,0.000000,0.000000,0.000000,0.000000,295.937500,18.754448,1.542143,31.989286,0.237419,0.023742,153.583333,16.666667,14.542143,4.847143,0.067419,0.067419,0.291667,0.291667,0.000000,1.416667,10.208333
2011-09-08,5377.000000,0.020000,19.290000,0.000000,1.000000,0.000000,0.000000,0.000000,0.000000,0.000000,294.687500,19.395018,1.531429,31.574286,0.237419,0.023742,153.833333,16.666667,14.505714,4.835000,0.067097,0.067097,0.291667,0.291667,0.000000,1.416667,10.208333
2011-09-09,5461.900000,0.020000,19.180000,0.000000,1.000000,0.000000,0.000000,0.000000,0.000000,0.000000,293.750000,18.362989,1.520714,31.162857,0.233226,0.023323,154.083333,16.666667,14.470000,4.823571,0.067419,0.067419,0.291667,0.291667,0.000000,1.416667,10.208333
2011-09-10,5405.300000,0.020000,19.570000,0.000000,1.000000,0.000000,0.000000,0.000000,0.000000,0.000000,292.812500,17.793594,1.510000,30.755714,0.233226,0.023323,154.250000,16.666667,14.435000,4.811429,0.067097,0.067097,0.291667,0.291667,0.000000,1.416667,10.208333
2011-09-11,5207.200000,0.020000,19.920000,0.000000,1.000000,0.000000,0.000000,0.000000,0.000000,0.000000,291.562500,17.224199,1.500714,30.353571,0.229032,0.022903,154.500000,16.666667,14.401429,4.800714,0.067419,0.067419,0.291667,0.291667,0.000000,1.416667,10.208333
2011-09-12,5207.200000,0.020000,20.330000,0.000000,1.000000,0.000000,0.000000,0.000000,0.000000,0.000000,290.625000,16.725979,1.491429,29.955714,0.229032,0.022903,154.833333,16.666667,14.368571,4.789286,0.067097,0.067097,0.291667,0.291667,0.000000,1.416667,10.208333
2011-09-13,5150.600000,0.020000,20.760000,0.000000,1.000000,0.000000,0.000000,0.000000,0.000000,0.000000,289.687500,16.263345,1.482143,29.561429,0.229032,0.022903,155.083333,16.666667,14.336429,4.778571,0.066774,0.066774,0.291667,0.291667,0.000000,1.416667,10.208333
2011-09-14,5405.300000,0.020000,20.810000,0.000000,1.000000,0.000000,0.000000,0.000000,0.000000,0.000000,288.750000,15.800712,1.473571,29.172857,0.224839,0.022484,155.333333,16.666667,14.305000,4.768571,0.067097,0.067097,0.291667,0.291667,0.000000,1.416667,10.208333
2011-09-15,5575.100000,0.020000,20.270000,0.000000,1.000000,0.000000,0.000000,0.000000,0.000000,0.000000,287.812500,15.409253,1.465714,28.787857,0.224839,0.022484,155.666667,16.666667,14.275000,4.758571,0.066774,0.066774,0.291667,0.291667,0.000000,1.416667,10.208333
2011-09-16,5263.800000,0.020000,19.380000,0.000000,1.000000,0.000000,0.000000,0.000000,0.000000,0.000000,287.187500,15.053381,1.458571,28.407857,0.224839,0.022484,155.916667,16.666667,14.245714,4.748571,0.066774,0.066774,0.291667,0.291667,0.000000,1.416667,10.208333
2011-09-17,5207.200000,0.020000,18.630000,0.000000,1.000000,0.000000,0.000000,0.000000,0.000000,0.000000,286.250000,14.733096,1.451429,28.032143,0.220323,0.022032,156.250000,16.666667,14.217143,4.739286,0.067097,0.067097,0.291667,0.291667,0.000000,1.416667,10.208333
2011-09-18,5178.900000,0.020000,18.060000,0.000000,1.000000,0.000000,0.000000,0.000000,0.000000,0.000000,285.312500,14.483986,1.444286,27.660714,0.220323,0.022032,156.583333,16.666667,14.190000,4.730000,0.066774,0.066774,0.291667,0.291667,0.000000,1.416667,10.208333
2011-09-19,5009.100000,0.020000,18.050000,0.000000,1.000000,0.000000,0.000000,0.000000,0.000000,0.000000,284.375000,14.234875,1.438571,27.294286,0.220323,0.022032,156.916667,16.666667,14.162857,4.720714,0.066774,0.066774,0.291667,0.291667,0.000000,1.416667,10.208333
2011-09-20,5122.300000,0.020000,17.870000,0.000000,1.000000,0.000000,0.000000,0.000000,0.000000,0.000000,283.750000,14.021352,1.432143,26.932857,0.220323,0.022032,157.250000,16.666667,14.137143,4.712143,0.066452,0.066452,0.291667,0.291667,0.000000,1.416667,10.208333
2011-09-21,4839.300000,0.020000,18.340000,0.000000,1.000000,0.000000,0.000000,0.000000,0.000000,0.000000,282.812500,13.879004,1.427143,26.575714,0.220323,0.022032,157.583333,16.666667,14.112857,4.704286,0.066452,0.066452,0.291667,0.291667,0.000000,1.416667,10.208333
2011-09-22,5122.300000,0.020000,18.580000,0.000000,1.000000,0.000000,0.000000,0.000000,0.000000,0.000000,282.187500,13.736655,1.422143,26.222857,0.216129,0.021613,157.916667,16.666667,14.088571,4.696429,0.066452,0.066452,0.291667,0.291667,0.000000,1.416667,10.208333
2011-09-23,5320.400000,0.020000,18.600000,0.000000,1.000000,0.000000,0.000000,0.000000,0.000000,0.000000,281.250000,13.665480,1.417143,25.875000,0.216129,0.021613,158.333333,16.666667,14.065714,4.688571,0.066452,0.066452,0.291667,0.291667,0.000000,1.416667,10.208333
2011-09-24,5235.400000,0.020000,18.190000,0.000000,1.000000,0.000000,0.000000,0.000000,0.000000,0.000000,280.625000,13.594306,1.412857,25.531429,0.216129,0.021613,158.666667,16.666667,14.044286,4.681429,0.066452,0.066452,0.291667,0.291667,0.000000,1.416667,10.208333
2011-09-25,5320.400000,0.020000,18.250000,0.000000,1.000000,0.000000,0.000000,0.000000,0.000000,0.000000,280.000000,13.594306,1.409286,25.192857,0.216129,0.021613,159.083333,16.666667,14.022857,4.674286,0.066129,0.066129,0.291667,0.291667,0.000000,1.416667,10.208333
2011-09-26,5207.200000,0.020000,18.530000,0.000000,1.000000,0.000000,0.000000,0.000000,0.000000,0.000000,279.375000,13.629893,1.405714,24.859286,0.216129,0.021613,159.416667,16.666667,14.002857,4.667857,0.066129,0.066129,0.291667,0.291667,0.000000,1.416667,10.208333
2011-09-27,5178.900000,0.020000,18.450000,0.000000,1.000000,0.000000,0.000000,0.000000,0.000000,0.000000,278.750000,13.701068,1.402857,24.530000,0.211935,0.021194,159.833333,16.666667,13.983571,4.661429,0.066452,0.066452,0.291667,0.291667,0.000000,1.416667,10.208333
2011-09-28,5094.000000,0.020000,18.320000,0.000000,1.000000,0.000000,0.000000,0.000000,0.000000,0.000000,277.812500,13.807829,1.400000,24.206429,0.211935,0.021194,160.250000,16.666667,13.965000,4.655000,0.066129,0.066129,0.291667,0.291667,0.000000,1.416667,10.208333
2011-09-29,5292.100000,0.020000,18.040000,0.000000,1.000000,0.000000,0.000000,0.000000,0.000000,0.000000,277.187500,13.950178,1.397857,23.886429,0.211935,0.021194,160.666667,16.666667,13.947857,4.649286,0.066129,0.066129,0.291667,0.291667,0.000000,1.416667,10.208333
2011-09-30,5858.100000,0.020000,17.590000,0.000000,1.000000,0.000000,0.000000,0.000000,0.000000,0.000000,276.875000,15.302491,1.395714,23.572143,0.211935,0.021194,161.000000,16.666667,13.931429,4.643571,0.066129,0.066129,0.291667,0.291667,0.000000,1.416667,10.208333
2011-10-01,5744.900000,0.020000,16.170000,0.000000,1.000000,0.000000,0.000000,0.000000,0.000000,0.000000,276.250000,16.548043,1.394286,23.262143,0.211935,0.021194,161.416667,16.666667,13.915714,4.638571,0.065806,0.065806,0.291667,0.291667,0.000000,1.416667,10.208333
2011-10-02,5461.900000,0.020000,15.030000,0.000000,1.000000,0.000000,0.000000,0.000000,0.000000,0.000000,275.625000,16.761566,1.392857,22.957857,0.211935,0.021194,161.833333,16.666667,13.900714,4.633571,0.065806,0.065806,0.291667,0.291667,0.000000,1.416667,10.208333
2011-10-03,5688.300000,0.020000,14.330000,0.000000,1.000000,0.000000,0.000000,0.000000,0.000000,0.000000,275.000000,16.975089,1.392143,22.657857,0.211935,0.021194,162.250000,16.666667,13.887143,4.629286,0.065806,0.065806,0.291667,0.291667,0.000000,1.416667,10.208333
2011-10-04,5461.900000,0.020000,13.900000,0.000000,1.000000,0.000000,0.000000,0.000000,0.000000,0.000000,274.375000,17.188612,1.392143,22.362857,0.211935,0.021194,162.750000,16.666667,13.874286,4.625000,0.065806,0.065806,0.291667,0.291667,0.000000,1.416667,10.208333
2011-10-05,5207.200000,0.020000,14.360000,0.000000,1.000000,0.000000,0.000000,0.000000,0.000000,0.000000,274.062500,17.366548,1.391429,22.072857,0.211935,0.021194,163.166667,16.666667,13.862143,4.620714,0.065806,0.065806,0.291667,0.291667,0.000000,1.416667,10.208333
2011-10-06,4952.600000,0.020000,14.850000,0.000000,1.000000,0.000000,0.000000,0.000000,0.000000,0.000000,273.437500,17.580071,1.392143,21.787857,0.211935,0.021194,163.583333,16.666667,13.851429,4.617143,0.065484,0.065484,0.291667,0.291667,0.000000,1.416667,10.208333
2011-10-07,4980.800000,0.020000,15.280000,0.000000,1.000000,0.000000,0.000000,0.000000,0.000000,0.000000,273.125000,17.793594,1.392143,21.507857,0.211935,0.021194,164.000000,16.666667,13.841429,4.613571,0.065484,0.065484,0.291667,0.291667,0.000000,1.416667,10.208333
2011-10-08,4895.900000,0.020000,15.810000,0.000000,1.000000,0.000000,0.000000,0.000000,0.000000,0.000000,272.500000,17.971530,1.392857,21.232857,0.211935,0.021194,164.416667,16.666667,13.832143,4.610714,0.065484,0.065484,0.291667,0.291667,0.000000,1.416667,10.208333
2011-10-09,4895.900000,0.020000,16.130000,0.000000,1.000000,0.000000,0.000000,0.000000,0.000000,0.000000,272.187500,18.185053,1.394286,20.963571,0.211935,0.021194,164.916667,16.666667,13.823571,4.607857,0.065484,0.065484,0.291667,0.291667,0.000000,1.416667,10.208333
2011-10-10,4811.000000,0.020000,16.550000,0.000000,1.000000,0.000000,0.000000,0.000000,0.000000,0.000000,271.875000,18.362989,1.395714,20.698571,0.211935,0.021194,165.333333,16.666667,13.816429,4.605714,0.065484,0.065484,0.291667,0.291667,0.000000,1.416667,10.208333
2011-10-11,4782.700000,0.020000,16.940000,0.000000,1.000000,0.000000,0.000000,0.000000,0.000000,0.000000,271.562500,18.576512,1.397857,20.438571,0.211935,0.021194,165.750000,16.666667,13.810000,4.603571,0.065484,0.065484,0.291667,0.291667,0.000000,1.416667,10.208333
2011-10-12,4669.400000,0.020000,17.230000,0.000000,1.000000,0.000000,0.000000,0.000000,0.000000,0.000000,270.937500,18.754448,1.400000,20.184286,0.211935,0.021194,166.250000,16.666667,13.804286,4.601429,0.065161,0.065161,0.291667,0.291667,0.000000,1.416667,10.208333
2011-10-13,4895.900000,0.020000,17.020000,0.000000,1.000000,0.000000,0.000000,0.000000,0.000000,0.000000,270.625000,18.932384,1.402143,19.935000,0.211935,0.021194,166.666667,16.666667,13.799286,4.600000,0.065161,0.065161,0.291667,0.291667,0.000000,1.416667,10.208333
2011-10-14,5178.900000,0.020000,16.860000,0.000000,1.000000,0.000000,0.000000,0.000000,0.000000,0.000000,270.312500,19.110320,1.405000,19.690714,0.211935,0.021194,167.166667,16.666667,13.795714,4.598571,0.065161,0.065161,0.291667,0.291667,0.000000,1.416667,10.208333
2011-10-15,5405.300000,0.020000,15.840000,0.000000,1.000000,0.000000,0.000000,0.000000,0.000000,0.000000,270.000000,19.323843,1.407857,19.451429,0.211935,0.021194,167.583333,16.666667,13.792857,4.597857,0.065161,0.065161,0.291667,0.291667,0.000000,1.416667,10.208333
2011-10-16,5065.700000,0.020000,14.350000,0.000000,1.000000,0.000000,0.000000,0.000000,0.000000,0.000000,269.687500,19.501779,1.410714,19.217857,0.211935,0.021194,168.000000,16.666667,13.791429,4.597143,0.065161,0.065161,0.291667,0.291667,0.000000,1.416667,10.208333
2011-10-17,5235.400000,0.020000,13.480000,0.000000,1.000000,0.000000,0.000000,0.000000,0.000000,0.000000,269.687500,19.644128,1.414286,18.989286,0.211935,0.021194,168.500000,16.666667,13.790000,4.596429,0.065161,0.065161,0.291667,0.291667,0.000000,1.416667,10.208333
2011-10-18,4980.800000,0.020000,12.960000,0.000000,1.000000,0.000000,0.000000,0.000000,0.000000,0.000000,269.375000,19.822064,1.418571,18.766429,0.211935,0.021194,168.916667,16.666667,13.790000,4.596429,0.065161,0.065161,0.291667,0.291667,0.000000,1.416667,10.208333
2011-10-19,5207.200000,0.020000,12.610000,0.000000,1.000000,0.000000,0.000000,0.000000,0.000000,0.000000,269.062500,20.000000,1.422143,18.548571,0.211935,0.021194,169.416667,16.666667,13.790714,4.597143,0.065161,0.065161,0.291667,0.291667,0.000000,1.416667,10.208333
2011-10-20,5320.400000,0.020000,12.060000,0.000000,1.000000,0.000000,0.000000,0.000000,0.000000,0.000000,268.750000,20.177936,1.427143,18.335714,0.211935,0.021194,169.833333,16.666667,13.792857,4.597857,0.065161,0.065161,0.291667,0.291667,0.000000,1.416667,10.208333
2011-10-21,5886.400000,0.020000,11.450000,0.000000,1.000000,0.000000,0.000000,0.000000,0.000000,0.000000,268.750000,20.320285,1.431429,18.128571,0.216129,0.021613,170.250000,16.666667,13.795000,4.598571,0.064839,0.064839,0.291667,0.291667,0.000000,1.416667,10.208333
2011-10-22,5575.100000,0.020000,11.380000,0.000000,1.000000,0.000000,0.000000,0.000000,0.000000,0.000000,268.437500,20.498221,1.436429,17.926429,0.216129,0.021613,170.750000,16.666667,13.798571,4.599286,0.064839,0.064839,0.291667,0.291667,0.000000,1.416667,10.208333
2011-10-23,5377.000000,0.020000,11.580000,0.000000,1.000000,0.000000,0.000000,0.000000,0.000000,0.000000,268.437500,20.640569,1.441429,17.730000,0.216129,0.021613,171.166667,16.666667,13.803571,4.601429,0.064839,0.064839,0.291667,0.291667,0.000000,1.416667,10.208333
2011-10-24,5518.500000,0.020000,11.680000,0.000000,1.000000,0.000000,0.000000,0.000000,0.000000,0.000000,268.125000,20.818505,1.447143,17.539286,0.216129,0.021613,171.583333,16.666667,13.808571,4.602857,0.064839,0.064839,0.291667,0.291667,0.000000,1.416667,10.208333
2011-10-25,5490.200000,0.020000,11.480000,0.000000,1.000000,0.000000,0.000000,0.000000,0.000000,0.000000,268.125000,20.960854,1.452143,17.353571,0.216129,0.021613,172.083333,16.666667,13.815000,4.605000,0.065161,0.065161,0.291667,0.291667,0.000000,1.416667,10.208333
2011-10-26,5603.400000,0.020000,11.380000,0.000000,1.000000,0.000000,0.000000,0.000000,0.000000,0.000000,268.125000,21.103203,1.458571,17.172857,0.216129,0.021613,172.500000,16.666667,13.822143,4.607143,0.065161,0.065161,0.291667,0.291667,0.000000,1.416667,10.208333
2011-10-27,5575.100000,0.020000,11.230000,0.000000,1.000000,0.000000,0.000000,0.000000,0.000000,0.000000,267.812500,21.245552,1.464286,16.998571,0.216129,0.021613,172.916667,16.666667,13.830714,4.610000,0.065161,0.065161,0.291667,0.291667,0.000000,1.416667,10.208333
2011-10-28,5575.100000,0.020000,10.830000,0.000000,1.000000,0.000000,0.000000,0.000000,0.000000,0.000000,267.812500,21.423488,1.470714,16.829286,0.216129,0.021613,173.333333,16.666667,13.839286,4.612857,0.065161,0.065161,0.291667,0.291667,0.000000,1.416667,10.208333
2011-10-29,5461.900000,0.020000,10.830000,0.000000,1.000000,0.000000,0.000000,0.000000,0.000000,0.000000,267.812500,21.565836,1.477143,16.665714,0.220323,0.022032,173.750000,16.666667,13.849286,4.616429,0.064839,0.064839,0.291667,0.291667,0.000000,1.416667,10.208333
2011-10-30,5348.700000,0.020000,10.620000,0.000000,1.000000,0.000000,0.000000,0.000000,0.000000,0.000000,267.812500,21.672598,1.483571,16.507857,0.220323,0.022032,174.166667,16.666667,13.860714,4.620000,0.064839,0.064839,0.291667,0.291667,0.000000,1.416667,10.208333
2011-10-31,5263.800000,0.020000,10.460000,0.000000,1.000000,0.000000,0.000000,0.000000,0.000000,0.000000,267.812500,21.814947,1.490714,16.355000,0.220323,0.022032,174.583333,16.666667,13.872143,4.624286,0.064839,0.064839,0.291667,0.291667,0.000000,1.416667,10.208333
2011-11-01,5377.000000,0.020000,10.150000,0.000000,1.000000,0.000000,0.000000,0.000000,0.000000,0.000000,267.812500,21.957295,1.497857,16.208571,0.220323,0.022032,175.000000,16.666667,13.885000,4.628571,0.065161,0.065161,0.291667,0.291667,0.000000,1.416667,10.208333
2011-11-02,5235.400000,0.020000,10.200000,0.000000,1.000000,0.000000,0.000000,0.000000,0.000000,0.000000,267.812500,22.099644,1.505000,16.067143,0.220323,0.022032,175.416667,16.666667,13.898571,4.632857,0.065161,0.065161,0.291667,0.291667,0.000000,1.416667,10.208333
2011-11-03,5575.100000,0.020000,10.290000,0.000000,1.000000,0.000000,0.000000,0.000000,0.000000,0.000000,268.125000,22.206406,1.512857,15.931429,0.220323,0.022032,175.833333,16.666667,13.912857,4.637857,0.065161,0.065161,0.291667,0.291667,0.000000,1.416667,10.208333
2011-11-04,5461.900000,0.020000,9.870000,0.000000,1.000000,0.000000,0.000000,0.000000,0.000000,0.000000,268.125000,22.348754,1.520714,15.802143,0.224839,0.022484,176.250000,16.666667,13.928571,4.642857,0.064839,0.064839,0.291667,0.291667,0.000000,1.416667,10.208333
2011-11-05,5235.400000,0.020000,9.710000,0.000000,1.000000,0.000000,0.000000,0.000000,0.000000,0.000000,268.125000,22.455516,1.528571,15.677857,0.224839,0.022484,176.583333,16.666667,13.945000,4.648571,0.065161,0.065161,0.291667,0.291667,0.000000,1.416667,10.208333
2011-11-06,5207.200000,0.020000,9.380000,0.000000,1.000000,0.000000,0.000000,0.000000,0.000000,0.000000,268.437500,22.597865,1.536429,15.559286,0.224839,0.022484,177.000000,16.666667,13.962143,4.654286,0.065161,0.065161,0.291667,0.291667,0.000000,1.416667,10.208333
2011-11-07,5207.200000,0.020000,9.840000,0.000000,1.000000,0.000000,0.000000,0.000000,0.000000,0.000000,268.437500,22.704626,1.545000,15.446429,0.224839,0.022484,177.333333,16.666667,13.980000,4.660000,0.065161,0.065161,0.291667,0.291667,0.000000,1.416667,10.208333
2011-11-08,5235.400000,0.020000,10.040000,0.000000,1.000000,0.000000,0.000000,0.000000,0.000000,0.000000,268.750000,22.811388,1.552857,15.340000,0.224839,0.022484,177.750000,16.666667,13.999286,4.666429,0.065484,0.065484,0.291667,0.291667,0.000000,1.416667,10.208333
2011-11-09,4754.400000,0.020000,10.270000,0.000000,1.000000,0.000000,0.000000,0.000000,0.000000,0.000000,268.750000,22.953737,1.561429,15.238571,0.224839,0.022484,178.083333,16.666667,14.019286,4.672857,0.065484,0.065484,0.291667,0.291667,0.000000,1.416667,10.208333
2011-11-10,5518.500000,0.020000,10.160000,0.000000,1.000000,0.000000,0.000000,0.000000,0.000000,0.000000,269.062500,23.060498,1.570714,15.143571,0.229032,0.022903,178.416667,16.666667,14.040714,4.680000,0.065161,0.065161,0.291667,0.291667,0.000000,1.416667,10.208333
2011-11-11,5263.800000,0.020000,9.490000,0.000000,1.000000,0.000000,0.000000,0.000000,0.000000,0.000000,269.375000,23.167260,1.579286,15.054286,0.229032,0.022903,178.833333,16.666667,14.062143,4.687143,0.065484,0.065484,0.291667,0.291667,0.000000,1.416667,10.208333
2011-11-12,4924.200000,0.020000,9.130000,0.000000,1.000000,0.000000,0.000000,0.000000,0.000000,0.000000,269.375000,23.274021,1.588571,14.970714,0.229032,0.022903,179.166667,16.666667,14.085000,4.695000,0.065484,0.065484,0.291667,0.291667,0.000000,1.416667,10.208333
2011-11-13,4612.900000,0.020000,9.070000,0.000000,1.000000,0.000000,0.000000,0.000000,0.000000,0.000000,269.687500,23.380783,1.597857,14.892857,0.229032,0.022903,179.500000,16.666667,14.108571,4.702857,0.065484,0.065484,0.291667,0.291667,0.000000,1.416667,10.208333
2011-11-14,5178.900000,0.020000,9.240000,0.000000,1.000000,0.000000,0.000000,0.000000,0.000000,0.000000,270.000000,23.451957,1.607143,14.821429,0.229032,0.022903,179.750000,16.666667,14.133571,4.711429,0.065806,0.065806,0.291667,0.291667,0.000000,1.416667,10.208333
2011-11-15,4980.800000,0.020000,9.120000,0.000000,1.000000,0.000000,0.000000,0.000000,0.000000,0.000000,270.312500,23.558719,1.616429,14.755714,0.229032,0.022903,180.083333,16.666667,14.158571,4.719286,0.065806,0.065806,0.291667,0.291667,0.000000,1.416667,10.208333
2011-11-16,5377.000000,0.020000,9.070000,0.000000,1.000000,0.000000,0.000000,0.000000,0.000000,0.000000,270.625000,23.665480,1.625714,14.695714,0.233226,0.023323,180.416667,16.666667,14.185000,4.728571,0.065806,0.065806,0.291667,0.291667,0.000000,1.416667,10.208333
